title_clean,lat,long,country
Iron Man (2008 film),34.528,69.172,Afghanistan
War Dogs (2016 film),31.613,65.71,Afghanistan
Zero Dark Thirty,36.709,67.111,Afghanistan
War Machine ,34.348,62.2,Afghanistan
Geostorm,34.426,70.452,Afghanistan
12 Strong,36.729,68.857,Afghanistan
Whiskey Tango Foxtrot ,33.554,68.421,Afghanistan
Taken 3,36.756,66.897,Afghanistan
Jack Ryan: Shadow Recruit,36.131,68.708,Afghanistan
Dear John (2010 film),33.597,69.226,Afghanistan
War Dogs (2016 film),41.328,19.819,Albania
The Expendables 2,41.324,19.455,Albania
For Your Eyes Only ,41.112,20.082,Albania
Taken 2,40.469,19.483,Albania
The Phynx,42.068,19.513,Albania
The Forgiveness of Blood,40.903,20.652,Albania
Action of the Tiger,40.683,19.619,Albania
Dear Albania,40.619,20.781,Albania
King of the Belgians ,40.724,19.556,Albania
The Albanian,40.706,19.952,Albania
The Battle of Algiers,36.732,3.087,Algeria
Caché ,36.766,3.477,Algeria
Of Gods and Men ,35.699,-0.636,Algeria
Far from Men,35.404,8.124,Algeria
The Sheik ,36.365,6.615,Algeria
Days of Glory (2006 film),34.85,5.728,Algeria
Algiers ,36.191,5.414,Algeria
Lost Command,35.556,6.174,Algeria
Carry On Spying,36.726,3.183,Algeria
The Garden of Allah (1936 film),36.9,7.767,Algeria
Next Goal Wins,-14.278,-170.702,American_Samoa
Rain (1932 film),-14.336,-170.72,American_Samoa
Sadie Thompson,-14.344,-170.785,American_Samoa
Miss Sadie Thompson,-14.332,-170.744,American_Samoa
Hurricane (1979 film),-14.276,-170.664,American_Samoa
Lost and Found on a South Sea Island,-14.331,-170.753,American_Samoa
Don't Take The Name Of God In Vain,42.546245,1.601554,Andorra
Red Scorpion,-8.837,13.234,Angola
Sweepers ,-9.298,14.912,Angola
Namibia: The Struggle for Liberation,-12.776,15.739,Angola
Any Man's Death,-12.364,13.536,Angola
Sambizanga ,-12.576,13.405,Angola
The Hero (2004 film),-12.383,16.933,Angola
Boetie Gaan Border Toe,-14.917,13.492,Angola
"Cuba, an African Odyssey",-9.54,16.341,Angola
Will Our Heroes Be Able to Find Their Friend Who Has Mysteriously Disappeared in Africa?,-15.196,12.152,Angola
Plot for Peace,-6.135,12.369,Angola
Watchmen ,-78.75,-85,Antarctica
The Thing (1982 film),-78.167,-85.5,Antarctica
The Day After Tomorrow,-78.525,-85.617,Antarctica
Alien vs. Predator ,-78.583,-85.417,Antarctica
The Thing (2011 film),-78.4,-85.917,Antarctica
Happy Feet,-78.536,-85.513,Antarctica
The X-Files ,-78.525,-85.547,Antarctica
Eight Below,-78.547,-85.654,Antarctica
Iron Sky: The Coming Race,-78.527,-85.466,Antarctica
The Three Caballeros,-78.55,-85.525,Antarctica
The Sweetest Mango,17.060816,-61.796428,Antigua_and_Barbuda
Kingsman: The Secret Service,-34.613,-58.377,Argentina
X-Men: First Class,-31.413,-64.181,Argentina
Starship Troopers ,-32.947,-60.639,Argentina
Focus (2015 film),-32.891,-68.827,Argentina
Operation Finale,-26.824,-65.223,Argentina
The Secret in Their Eyes,-34.921,-57.955,Argentina
Evita (1996 film),-38,-57.556,Argentina
The Motorcycle Diaries ,-24.786,-65.412,Argentina
Gilda,-31.649,-60.709,Argentina
Saludos Amigos,-31.538,-68.536,Argentina
The Promise (2016 film),40.181,44.514,Armenia
Calendar (1993 film),40.794,43.845,Armenia
Guardians (2017 film),40.805,44.494,Armenia
Vodka Lemon,40.166,44.295,Armenia
Nahapet,40.497,44.766,Armenia
If Only Everyone,40.274,44.633,Armenia
Zangezur ,39.208,46.406,Armenia
Anahit ,39.831,44.706,Armenia
"Hello, That's Me!",40.154,44.038,Armenia
Zare ,41.01,44.385,Armenia
Natalee Holloway ,12.52111,-69.968338,Aruba
Finding Dory,-33.868,151.207,Australia
Inception,-37.814,144.963,Australia
Lion (2016 film),-27.468,153.028,Australia
Now You See Me 2,-31.952,115.861,Australia
The Babadook,-34.929,138.599,Australia
Mad Max,-28,153.431,Australia
Finding Nemo,-35.283,149.128,Australia
Geostorm,-32.93,151.78,Australia
The Light Between Oceans ,-34.424,150.893,Australia
Point Break,-27.639,153.109,Australia
Captain America: Civil War,48.208,16.372,Austria
Black Panther ,47.067,15.45,Austria
Spectre (2015 film),48.306,14.286,Austria
Mission: Impossible – Rogue Nation,47.799,13.044,Austria
Fantastic Beasts: The Crimes of Grindelwald,47.263,11.395,Austria
Captain America: The First Avenger,46.625,14.305,Austria
The Sound of Music ,46.61,13.856,Austria
Quantum of Solace,47.414,9.742,Austria
Hitman: Agent 47,47.805,16.232,Austria
Indiana Jones and the Last Crusade,48.043,14.421,Austria
Furious 7,40.378,49.892,Azerbaijan
The World Is Not Enough,40.683,46.361,Azerbaijan
Air Force One ,40.59,49.669,Azerbaijan
The Darkest Hour ,38.754,48.851,Azerbaijan
United Passions,40.764,47.06,Azerbaijan
Ali and Nino ,39.932,48.369,Azerbaijan
Closed Curtain,40.397,49.974,Azerbaijan
By the Bluest of Seas,39.938,48.929,Azerbaijan
The Spring to Come,40.419,49.967,Azerbaijan
New Moon (1930 film),39.209,45.412,Azerbaijan
Casino Royale (2006 film),25.058,-77.343,Bahamas
Pain & Gain,26.533,-78.667,Bahamas
Never Say Never Again,26.533,-78.7,Bahamas
The Other Woman (2014 film),26.687,-78.977,Bahamas
Thunderball ,26.871,-77.511,Bahamas
Jaws: The Revenge,25.067,-78.05,Bahamas
I Still Know What You Did Last Summer,23.516,-75.787,Bahamas
Into the Blue (2005 film),26.541,-77.064,Bahamas
After the Sunset,26.61,-78.279,Bahamas
Holiday in the Sun ,24.705,-77.769,Bahamas
The Princess and the Marine,26.228,50.586,Bahrain
Mayumi ,26.257,50.612,Bahrain
Bahrain: Shouting in the Dark,26.13,50.555,Bahrain
Cinema 500 km,26.069,50.504,Bahrain
Nilavu,26.115,50.507,Bahrain
Dead Sands,26.174,50.548,Bahrain
Afghan Muscles,26.155,50.621,Bahrain
A Bahraini Tale,26.219,50.548,Bahrain
Agnee 2,23.71,90.407,Bangladesh
Children of War (2014 film),22.338,91.832,Bangladesh
Moner Manush,22.81,89.564,Bangladesh
Mass Leader,24.374,88.601,Bangladesh
Matir Moina,23.462,91.185,Bangladesh
Guerrilla (2011 film),25.001,89.323,Bangladesh
Shongram,24.411,88.987,Bangladesh
Aguner Poroshmoni,25.747,89.252,Bangladesh
Meherjaan,23.892,90.402,Bangladesh
Jalal's Story,23.923,90.718,Bangladesh
The Story of Adele H.,13.107,-59.62,Barbados
The Tamarind Seed,13.251,-59.644,Barbados
Mission: Impossible – Rogue Nation,53.9,27.567,Belarus
Defiance (2008 film),52.434,30.975,Belarus
Come and See,53.917,30.345,Belarus
Europa Europa,55.19,30.205,Belarus
Killing Kennedy ,53.688,23.826,Belarus
The Ascent,52.098,23.688,Belarus
Fortress of War,53.138,29.221,Belarus
Franz + Polina,53.133,26.014,Belarus
In the Fog,54.228,28.505,Belarus
On the Nameless Height,52.123,26.095,Belarus
Wonder Woman (2017 film),50.85,4.349,Belgium
PK ,51.22,4.403,Belgium
Cloud Atlas ,51.05,3.717,Belgium
The Equalizer 2,50.411,4.444,Belgium
Welcome to Marwen,50.634,5.567,Belgium
Snatch ,50.88,4.701,Belgium
War Horse ,50.467,4.867,Belgium
In Bruges,51.209,3.224,Belgium
The Monuments Men,50.454,3.952,Belgium
Patton ,51.221,4.466,Belgium
The Mosquito Coast,17.5,-88.198,Belize
Mega Piranha,17.159,-89.07,Belize
Alien Origin,18.081,-88.563,Belize
2012: Kurse a di Xtabai,17.25,-88.767,Belize
The Comedians in Africa,6.365,2.418,Benin
Femmes aux yeux ouverts,6.449,2.356,Benin
Godzilla: King of the Monsters (2019 film),32.382,-64.678,Bermuda
The Deep (1977 film),32.295,-64.783,Bermuda
The Chipmunk Adventure,32.306,-64.814,Bermuda
That Touch of Mink,32.253,-64.839,Bermuda
The Triangle ,32.28,-64.886,Bermuda
Hopscotch ,32.287,-64.873,Bermuda
Everest (2015 film),27.466,89.642,Bhutan
Batman Begins,27.591,89.877,Bhutan
2012,27.022,90.123,Bhutan
G.I. Joe: Retaliation,26.852,89.388,Bhutan
Smallfoot ,27.038,91.403,Bhutan
Planes ,26.864,90.267,Bhutan
Ace Ventura: When Nature Calls,27.486,89.899,Bhutan
Little Buddha,26.801,91.505,Bhutan
Everest (1998 film),26.899,89.1,Bhutan
Into Thin Air: Death on Everest,27.549,90.752,Bhutan
Scarface (1983 film),-17.786,-63.181,Bolivia
The Lost City of Z ,-17.389,-66.157,Bolivia
Quantum of Solace,-16.5,-68.15,Bolivia
Butch Cassidy and the Sundance Kid,-19.033,-65.263,Bolivia
The Losers ,-17.983,-67.15,Bolivia
Our Brand Is Crisis (2015 film),-21.535,-64.73,Bolivia
Che (2008 film),-19.584,-65.753,Bolivia
Saludos Amigos,-17.398,-66.038,Bolivia
Even the Rain,-17.339,-63.251,Bolivia
Salt and Fire,-17.392,-66.278,Bolivia
Behind Enemy Lines (2001 film),43.849,18.356,Bosnia_and_Herzegovina
Batman: Under the Red Hood,44.778,17.194,Bosnia_and_Herzegovina
The Whistleblower,44.202,17.904,Bosnia_and_Herzegovina
Renegades (2017 film),44.538,18.667,Bosnia_and_Herzegovina
Killing Season ,43.343,17.808,Bosnia_and_Herzegovina
The Peacemaker (1997 film),44.817,15.871,Bosnia_and_Herzegovina
A Perfect Day (2015 film),44.057,17.451,Bosnia_and_Herzegovina
In the Land of Blood and Honey,44.87,18.81,Bosnia_and_Herzegovina
No Man's Land (2001 film),44.759,19.214,Bosnia_and_Herzegovina
The Hunting Party (2007 film),44.98,16.714,Bosnia_and_Herzegovina
A United Kingdom,-24.655,25.909,Botswana
The Gods Must Be Crazy,-21.17,27.508,Botswana
Cry Freedom,-24.407,25.495,Botswana
The Gods Must Be Crazy II,-21.979,27.843,Botswana
Earth (2007 film),-19.983,23.417,Botswana
The Gods Must Be Crazy (film series),-22.388,26.711,Botswana
Crazy Safari,-24.967,25.333,Botswana
The Wilby Conspiracy,-23.104,26.814,Botswana
"Nǃai, the Story of a ǃKung Woman",-24.627,25.866,Botswana
The End of Eden,-24.417,26.15,Botswana
Alien vs. Predator ,-54.423199,3.413194,Bouvet_Island
Bohemian Rhapsody ,-23.547,-46.636,Brazil
Kingsman: The Secret Service,-22.906,-43.182,Brazil
The Incredible Hulk ,-12.971,-38.511,Brazil
XXX: Return of Xander Cage,-3.717,-38.543,Brazil
The Lost City of Z ,-19.921,-43.938,Brazil
Geostorm,-15.78,-47.93,Brazil
2012,-25.428,-49.273,Brazil
Fast Five,-3.102,-60.025,Brazil
Teenage Mutant Ninja Turtles: Out of the Shadows,-8.054,-34.881,Brazil
Mechanic: Resurrection,-1.456,-48.504,Brazil
Ada Apa Dengan Rina,4.535277,114.727669,Brunei
Spy (2015 film),42.698,23.324,Bulgaria
Shivaay,42.15,24.75,Bulgaria
Mechanic: Resurrection,43.217,27.917,Bulgaria
Bram Stoker's Dracula,42.506,27.468,Bulgaria
Pawn Sacrifice,43.849,25.953,Bulgaria
I Spit on Your Grave 2,42.433,25.642,Bulgaria
Getaway ,43.417,24.617,Bulgaria
Acts of Vengeance ,42.686,26.329,Bulgaria
I Am David ,43.567,27.833,Bulgaria
The Contractor (2007 film),43.271,26.923,Bulgaria
Yaaba,12.366,-1.534,Burkina_Faso
Femmes aux yeux ouverts,11.177,-4.298,Burkina_Faso
The African Queen ,-3.382,29.361,Burundi
Primeval ,-2.845,30.341,Burundi
Africa United (2010 film),-3.427,29.925,Burundi
Kingsman: The Golden Circle,11.562,104.916,Cambodia
Apocalypse Now,10.991,104.785,Cambodia
No Escape (2015 film),10.609,103.53,Cambodia
Transformers: Dark of the Moon,13.103,103.198,Cambodia
Alien vs. Predator ,13.362,103.861,Cambodia
Lara Croft: Tomb Raider,13.658,102.564,Cambodia
The Killing Fields ,12.25,104.667,Cambodia
Apocalypse Now Redux,11.993,105.464,Cambodia
Skin Trade ,12.539,103.919,Cambodia
TPB AFK,11.483,104.95,Cambodia
Chocolat (1988 film),4.048,9.704,Cameroon
Black and White in Color,3.867,11.517,Cameroon
Super Comet: After the Impact,9.301,13.398,Cameroon
Sleeping Sickness ,12.077,15.031,Cameroon
Three Men on Fire,5.96,10.146,Cameroon
Ribo ou le soleil sauvage,10.591,14.316,Cameroon
The Cassava Metaphor,5.478,10.418,Cameroon
Our House in Cameroon,10.742,13.802,Cameroon
The Revenant (2015 film),43.7,-79.416,Canada
Titanic (1997 film),45.509,-73.588,Canada
The Incredible Hulk ,51.05,-114.085,Canada
X-Men Origins: Wolverine,45.411,-75.698,Canada
The Wolverine ,53.55,-113.469,Canada
World War Z ,43.579,-79.658,Canada
Creed II,43.767,-79.416,Canada
Scott Pilgrim vs. the World,49.884,-97.147,Canada
X-Men ,49.25,-123.119,Canada
Geostorm,43.772,-79.257,Canada
Down to Earth (1995 film),14.932,-23.513,Cape_Verde
Amílcar Cabral ,16.89,-24.98,Cape_Verde
"Batuque, the Soul of a People",16.598,-22.905,Cape_Verde
The Two Faces of War,14.891,-24.293,Cape_Verde
The Island of Contenda,15.133,-23.567,Cape_Verde
Fintar o Destino,15.137,-23.531,Cape_Verde
A Ilha dos Escravos,14.896,-24.496,Cape_Verde
Buska Santu,15.1,-23.683,Cape_Verde
Haven ,19.287,-81.374,Cayman_Islands
Echoes from a Sombre Empire,4.361,18.555,Central_African_Republic
The Passenger (1975 film),12.107,15.044,Chad
A Screaming Man,8.567,16.083,Chad
Daratt,9.143,18.392,Chad
Abouna,13.829,20.832,Chad
The Impostor (1944 film),9.309,15.807,Chad
Bye Bye Africa,8.913,17.554,Chad
Captive of the Desert,9.364,14.905,Chad
Google Darfur,11.03,20.283,Chad
The Adventurer of Chad,10.281,15.372,Chad
Travels in the Congo ,12.184,18.693,Chad
Grimsby ,-33.457,-70.648,Chile
Colonia ,-33.612,-70.576,Chile
The 33 ,-23.652,-70.395,Chile
Alive (1993 film),-33.025,-71.552,Chile
The Motorcycle Diaries ,-33.036,-71.63,Chile
Hop ,-36.725,-73.117,Chile
A Fantastic Woman,-33.592,-70.7,Chile
The Reluctant Fundamentalist ,-38.74,-72.598,Chile
Saludos Amigos,-20.213,-70.15,Chile
Aftershock (2012 film),-36.827,-73.05,Chile
Deadpool 2,31.222,121.458,China
The Martian ,39.907,116.397,China
The Dark Knight ,39.142,117.177,China
Forrest Gump,23.117,113.25,China
Everest (2015 film),22.546,114.068,China
X-Men: Days of Future Past,30.583,114.267,China
Now You See Me 2,23.018,113.749,China
Godzilla: King of the Monsters (2019 film),29.563,106.553,China
Skyfall,30.667,104.067,China
Silence (2016 film),32.062,118.778,China
Narcos,4.61,-74.082,Colombia
XXX (2002 film),3.437,-76.522,Colombia
American Made ,6.252,-75.564,Colombia
Narcos: Mexico,10.969,-74.781,Colombia
The Belko Experiment,10.4,-75.514,Colombia
Blow ,7.894,-72.508,Colombia
The Infiltrator (2016 film),7.125,-73.12,Colombia
Lord of War,4.813,-75.696,Colombia
Mr. & Mrs. Smith (2005 film),11.241,-74.199,Colombia
Snatched (2017 film),4.439,-75.232,Colombia
Lorenzo's Oil,-11.702,43.255,Comoros
Jurassic World,9.933,-84.083,Costa_Rica
Jurassic World: Fallen Kingdom,9.991,-83.036,Costa_Rica
Jurassic Park ,9.993,-84.129,Costa_Rica
Fast & Furious 6,10.016,-84.212,Costa_Rica
The Lost World: Jurassic Park,10.635,-85.438,Costa_Rica
Jurassic Park III,9.838,-83.866,Costa_Rica
Club Dread,9.976,-84.838,Costa_Rica
Runner Runner,9.367,-83.697,Costa_Rica
Surf School,9.912,-84.034,Costa_Rica
Lego Jurassic World: The Indominus Escape,9.96,-84.048,Costa_Rica
Raabta ,45.814,15.978,Croatia
From Russia with Love ,43.509,16.439,Croatia
Melancholie der Engel,45.327,14.442,Croatia
High Lane ,45.551,18.694,Croatia
Doraemon: Nobita's New Great Adventure into the Underworld,44.12,15.242,Croatia
Harrison's Flowers,45.16,18.016,Croatia
Doraemon: Nobita's Great Adventure into the Underworld,44.868,13.848,Croatia
The Ninth Circle,45.831,16.116,Croatia
Lapitch the Little Shoemaker,45.492,15.55,Croatia
Fatal Sky,46.304,16.338,Croatia
Transformers: The Last Knight,23.133,-82.383,Cuba
The Fate of the Furious,20.021,-75.827,Cuba
Mission: Impossible – Rogue Nation,21.381,-77.917,Cuba
Citizen Kane,20.887,-76.263,Cuba
The Godfather Part II,20.144,-75.209,Cuba
X-Men: First Class,22.407,-79.965,Cuba
A Few Good Men,23.037,-82.369,Cuba
GoldenEye,20.962,-76.951,Cuba
Die Another Day,20.374,-76.644,Cuba
Bad Boys II,22.417,-83.697,Cuba
Munich ,35.175,33.364,Cyprus
Exodus (1960 film),34.684,33.038,Cyprus
Othello (1995 film),34.923,33.623,Cyprus
Othello (1951 film),35.121,33.939,Cyprus
Othello (1965 British film),34.777,32.425,Cyprus
Otello (1986 film),35.336,33.317,Cyprus
The High Bright Sun,35.013,34.058,Cyprus
Othello (1922 film),35.042,33.708,Cyprus
Otello (1906 film),35.199,32.993,Cyprus
Barabbas (1953 film),34.952,33.592,Cyprus
XXX (2002 film),50.088,14.421,Czech_Republic
Spider-Man: Far From Home,49.195,16.608,Czech_Republic
Casino Royale (2006 film),49.835,18.282,Czech_Republic
Mission: Impossible ,49.747,13.378,Czech_Republic
Jab Harry Met Sejal,49.596,17.252,Czech_Republic
Bang Bang!,50.767,15.056,Czech_Republic
Anthropoid ,48.974,14.474,Czech_Republic
Blade II,50.209,15.833,Czech_Republic
The Spy Who Dumped Me,50.661,14.032,Czech_Republic
The Best Offer,50.041,15.777,Czech_Republic
The Legend of Tarzan ,-4.328,15.314,Democratic_Republic_of_Congo (formerly Belgian_Congo)
Tarzan (1999 film),-11.661,27.479,Democratic_Republic_of_Congo (formerly Belgian_Congo)
The Good Shepherd ,-6.136,23.59,Democratic_Republic_of_Congo
Ali ,0.515,25.191,Democratic_Republic_of_Congo
Outbreak ,-4.384,15.391,Democratic_Republic_of_Congo
Vanamagan,-5.896,22.417,Democratic_Republic_of_Congo (formerly Belgian_Congo)
Congo ,-10.983,26.738,Democratic_Republic_of_Congo
Ayan ,-10.715,25.467,Democratic_Republic_of_Congo
"Greystoke: The Legend of Tarzan, Lord of the Apes",-6.416,20.8,Democratic_Republic_of_Congo (formerly Belgian_Congo)
Tarzan (2013 film),0.491,29.473,Democratic_Republic_of_Congo (formerly Belgian_Congo)
The Lion King,55.676,12.566,Denmark
The Danish Girl ,56.157,10.211,Denmark
Captain America: The First Avenger,55.396,10.388,Denmark
The Lion King (2019 film),57.048,9.919,Denmark
The Secret Life of Walter Mitty (2013 film),55.679,12.535,Denmark
Fantastic Four: Rise of the Silver Surfer,55.47,8.452,Denmark
Beowulf (2007 film),55.861,9.85,Denmark
Haider ,56.461,10.036,Denmark
Out of Africa ,55.49,9.472,Denmark
Eight Below,55.709,9.536,Denmark
Beau Travail,11.589,43.145,Djibouti
The Dirty Game,11.156,42.712,Djibouti
The Great Appeal,11.788,42.882,Djibouti
Creole Connections,15.302,-61.388,Dominica
Dominica: Charting a Future for Paradise,15.583,-61.467,Dominica
Furious 7,18.472,-69.892,Dominican_Republic
Jurassic Park ,19.452,-70.697,Dominican_Republic
XXX: Return of Xander Cage,18.5,-70,Dominican_Republic
47 Meters Down,18.488,-69.857,Dominican_Republic
Fast & Furious (2009 film),18.454,-69.309,Dominican_Republic
Los Bandoleros ,18.427,-68.973,Dominican_Republic
Sugar (2008 film),18.417,-70.1,Dominican_Republic
In the Time of the Butterflies ,19.793,-70.688,Dominican_Republic
Cat Chaser,19.301,-70.253,Dominican_Republic
Trópico de Sangre,18.615,-68.708,Dominican_Republic
Balibo ,-8.559,125.574,East_Timor
Answered by Fire,-8.992,125.22,East_Timor
Brothers (1982 film),-9.313,125.256,East_Timor
Master and Commander: The Far Side of the World,-2.196,-79.886,Ecuador
Snatched (2017 film),-0.23,-78.525,Ecuador
The Three Caballeros,-2.901,-79.005,Ecuador
Special Correspondents,-0.253,-79.175,Ecuador
The Galapagos Affair,-3.259,-79.961,Ecuador
Crónicas,-0.962,-80.713,Ecuador
Iguana ,-1.055,-80.454,Ecuador
Galapagos 3D,-2.176,-79.855,Ecuador
The Empress of Floreana,0.959,-79.654,Ecuador
The Little Polar Bear 2 – The Mysterious Island,-1.249,-78.617,Ecuador
X-Men: Apocalypse,30.063,31.25,Egypt
The Mummy (2017 film),31.202,29.916,Egypt
Gods of Egypt ,30.008,31.211,Egypt
The Mummy (1999 film),31.257,32.284,Egypt
Raiders of the Lost Ark,29.974,32.526,Egypt
The Fifth Element,30.971,31.167,Egypt
Exodus: Gods and Kings,25.699,32.642,Egypt
The Mummy Returns,27.181,31.184,Egypt
The Ten Commandments (1956 film),31.036,31.381,Egypt
Transformers: Revenge of the Fallen,30.788,31.002,Egypt
Salvador ,13.689,-89.187,El_Salvador
Voces inocentes,13.71,-89.14,El_Salvador
Romero ,13.994,-89.56,El_Salvador
Anything for Her,13.483,-88.183,El_Salvador
Choices of the Heart,13.74,-89.213,El_Salvador
In the Name of the People (1985 film),13.677,-89.28,El_Salvador
The Ambassador (2005 film),13.807,-89.179,El_Salvador
Witness to War: Dr. Charlie Clements,13.724,-89.17,El_Salvador
Return to El Salvador,13.719,-89.724,El_Salvador
El Salvador: Another Vietnam,13.659,-89.183,El_Salvador
Palm Trees in the Snow,1.864,9.766,Equatorial_Guinea
Marfil ,3.756,8.782,Equatorial_Guinea
Heart of Fire ,15.338,38.932,Eritrea
White Hotel ,15.778,38.451,Eritrea
La pattuglia dell'Amba Alagi,15.608,39.475,Eritrea
The Best of Enemies (1961 film),13.009,42.739,Eritrea
Baltic Storm,59.437,24.754,Estonia
Candles in the Dark,58.381,26.725,Estonia
Viimne reliikvia,59.377,28.19,Estonia
A Spell to Ward Off the Darkness,59.399,27.273,Estonia
Names in Marble ,58.386,24.497,Estonia
Spring (1969 film),58.364,25.59,Estonia
Screwed in Tallinn,59.346,26.356,Estonia
The Poll Diaries,59.397,27.763,Estonia
Revolution of Pigs,59.465,25,Estonia
The Wild Geese,-26.499,31.38,Eswatini
Wah-Wah ,-26.317,31.133,Eswatini
Without the King,-26.817,31.933,Eswatini
The King and the People,-26.567,31.183,Eswatini
Beyond Borders ,9.025,38.747,Ethiopia
Into the Inferno ,9.593,41.866,Ethiopia
Shaft in Africa,13.497,39.475,Ethiopia
Black Gold (2006 film),8.55,39.267,Ethiopia
Time to Kill (1989 film),11.594,37.391,Ethiopia
Adwa ,12.6,37.467,Ethiopia
Teza ,11.133,39.633,Ethiopia
The Athlete (2009 film),7.062,38.476,Ethiopia
The Mask of Sheba,7.673,36.834,Ethiopia
Fascist Legacy,8.752,38.978,Ethiopia
Pirates of Treasure Island,-51.7,-58.826,Falkland_Islands
Tumbledown,-51.608,-59.949,Falkland_Islands
Resurrected ,-51.582,-60.066,Falkland_Islands
An Ungentlemanly Act,-51.618,-59.602,Falkland_Islands
Blessed by Fire,-51.633,-58.535,Falkland_Islands
Cysgod Rhyfel,-51.734,-58.534,Falkland_Islands
Barbara (1997 film),62.01,-6.772,Faroe_Islands
The Dance (1998 film),62.227,-6.589,Faroe_Islands
Shadow Over the Islands,62.034,-6.781,Faroe_Islands
Deep Sea Monster Reigo,7.446,151.841,Federated_States_of_Micronesia
Soarin',-18.142,178.441,Fiji
Santa Banta Pvt Ltd,-17.617,177.45,Fiji
Boot Camp ,-17.803,177.416,Fiji
Doraemon: Nobita and the Island of Miracles—Animal Adventure,-16.433,179.365,Fiji
Attack of the Sabretooth,-17.534,177.674,Fiji
Elf Bowling the Movie: The Great North Pole Elf Strike,-18.067,179.317,Fiji
Bula Quo!,-17.614,178.018,Fiji
The Land Has Eyes,-17.668,177.574,Fiji
Girl of the Port,-16.627,179.397,Fiji
Avengers of the Reef,-16.578193,179.414413,Fiji
Hanna ,60.17,24.935,Finland
Big Game (2014 film),60.205,24.652,Finland
Shamitabh,61.499,23.787,Finland
The Jackal (1997 film),60.294,25.041,Finland
White Nights (1985 film),60.451,22.269,Finland
The Unknown Soldier (2017 film),65.012,25.468,Finland
Night on Earth,60.983,25.662,Finland
Rare Exports: A Christmas Tale,62.892,27.677,Finland
Billion Dollar Brain,62.241,25.721,Finland
The Other Side of Hope,61.483,21.783,Finland
Dunkirk (2017 film),51.034617,2.372681,France
Beauty and the Beast (2017 film),48.853,2.349,France
Inglourious Basterds,43.297,5.381,France
Fifty Shades Freed ,45.748,4.847,France
Beauty and the Beast (1991 film),43.604,1.444,France
Catch Me If You Can,43.703,7.266,France
Allied ,47.217,-1.553,France
The Lost City of Z ,48.584,7.746,France
Les Misérables (2012 film),43.611,3.877,France
Edge of Tomorrow,44.84,-0.581,France
Papillon (2017 film),4.933,-52.333,French_Guiana
Papillon (1973 film),4.849,-52.324,French_Guiana
We're No Angels (1955 film),5.502,-54.029,French_Guiana
The Life of Emile Zola,5.163,-52.643,French_Guiana
Passage to Marseille,4.917,-52.267,French_Guiana
Strange Cargo (1940 film),4.912,-52.374,French_Guiana
Prisoner of Honor,5.669,-53.779,French_Guiana
I Escaped from Devil's Island,5.155,-54.343,French_Guiana
Devil's Island (1939 film),4.273,-54.381,French_Guiana
Condemned (1929 film),5.377,-52.957,French_Guiana
Adrift (2018 film),-17.55,-149.6,French_Polynesia
Godzilla (1998 film),-17.537,-149.566,French_Polynesia
"Six Days, Seven Nights",-17.633,-149.6,French_Polynesia
Mutiny on the Bounty (1962 film),-17.517,-149.533,French_Polynesia
Kon-Tiki (2012 film),-17.506,-149.489,French_Polynesia
Mutiny on the Bounty (1935 film),-17.683,-149.583,French_Polynesia
Donovan's Reef,-17.75,-149.55,French_Polynesia
The Bounty (1984 film),-17.517,-149.5,French_Polynesia
Love Affair (1994 film),-17.744,-149.324,French_Polynesia
How to Stuff a Wild Bikini,-16.507,-151.749,French_Polynesia
The Rhythm of My Life: Ismael Sankara,0.392,9.454,Gabon
Roots (1977 miniseries),13.438,-16.678,Gambia
The Mirror Boy,13.271,-16.649,Gambia
"Gambia, The Smiling Coast",13.478,-16.682,Gambia
Mom ,41.694,44.834,Georgia
Undisputed III: Redemption,42.268,42.695,Georgia
Sniper: Ghost Shooter,41.642,41.634,Georgia
5 Days of War,43.007,40.989,Georgia
Ali and Nino ,42.509,41.871,Georgia
Don't Breathe (2014 film),41.549,44.993,Georgia
The Loneliest Planet,42.146,41.672,Georgia
August Eighth,41.984,44.116,Georgia
"Tbilisi, I Love You",42.228,43.969,Georgia
A Chef in Love,42.154,42.335,Georgia
Captain America: Civil War,52.524,13.411,Germany
Wonder Woman (2017 film),53.575,10.015,Germany
X-Men: Apocalypse,48.137,11.575,Germany
Spider-Man: Homecoming,50.933,6.95,Germany
The Avengers (2012 film),50.116,8.684,Germany
Transformers: The Last Knight,51.457,7.012,Germany
The Fate of the Furious,48.782,9.177,Germany
Bohemian Rhapsody ,51.515,7.466,Germany
The Danish Girl ,51.222,6.776,Germany
Mission: Impossible – Fallout,53.075,8.808,Germany
Sankofa ,5.556,-0.197,Ghana
Deadly Voyage,6.688,-1.624,Ghana
Adams Apples,9.401,-0.839,Ghana
The Cursed Ones,4.898,-1.76,Ghana
2016 (2010 film),5.698,-0.328,Ghana
Love Brewed in the African Pot,5.67,-0.017,Ghana
Location Africa,5.105,-1.247,Ghana
Emmanuel's Gift,4.927,1.758,Ghana
Jaguar (1967 film),6.202,-1.668,Ghana
Checkmate (2010 film),5.666,-0.163,Ghana
Jason Bourne ,37.984,23.728,Greece
Mamma Mia! Here We Go Again,40.644,22.931,Greece
300,38.244,21.734,Greece
Mamma Mia! ,37.942,23.646,Greece
Troy ,39.637,22.418,Greece
300: Rise of an Empire,38.015,23.692,Greece
Hercules (2014 film),35.328,25.143,Greece
Hercules (1997 film),37.95,23.7,Greece
Clash of the Titans (2010 film),38.083,23.733,Greece
Munich ,40.583,22.95,Greece
Captain America: The First Avenger,64.183,-51.722,Greenland
The Secret Life of Walter Mitty (2013 film),66.939,-53.673,Greenland
Fantastic Four: Rise of the Silver Surfer,69.22,-51.099,Greenland
Eight Below,60.718,-46.036,Greenland
Soarin',68.71,-52.87,Greenland
The Call of Cthulhu ,65.415,-52.898,Greenland
Smilla's Sense of Snow ,61.994,-49.668,Greenland
Guy X,65.615,-37.637,Greenland
Inuk ,60.913,-46.051,Greenland
Endless Night (2015 film),60.142,-45.241,Greenland
Heartbreak Ridge,12.053,-61.752,Grenada
Blinded (2006 film),12.165,-61.73,Grenada
Great Moments in Aviation,12.123,-61.625,Grenada
La Soufrière ,16.273,-61.505,Guadeloupe
Voice in the Wind,16.267,-61.585,Guadeloupe
Creole Connections,16.206,-61.493,Guadeloupe
Pixels (2015 film),13.518,144.839,Guam
Austin Powers in Goldmember,13.536,144.889,Guam
No Man Is an Island ,13.488,144.781,Guam
Max Havoc: Curse of the Dragon,13.448,144.801,Guam
Return to Guam,13.469,144.799,Guam
Apocalypto,14.641,-90.513,Guatemala
The Fountain,14.631,-90.607,Guatemala
Sin Nombre (2009 film),14.525,-90.585,Guatemala
El Norte ,14.502,-90.562,Guatemala
The Juror,14.719,-90.644,Guatemala
The Evil That Men Do ,14.835,-91.518,Guatemala
Ixcanul,14.483,-90.534,Guatemala
The New Adventures of Tarzan,14.305,-90.785,Guatemala
Treasure of the Golden Condor,14.703,-90.5,Guatemala
Across the Line (2000 film),14.661,-90.819,Guatemala
The Guernsey Literary and Potato Peel Pie Society ,49.46,-2.535,Guernsey
The Story of Adele H.,49.433,-2.356,Guernsey
Green Dolphin Street,49.438,-2.362,Guernsey
Blood Diamond,9.535,-13.688,Guinea
Dakan,9.538,-13.677,Guinea
Mortu Nega,7.756,-8.818,Guinea
Sans Soleil,9.535,-13.688,Guinea-Bissau
Mortu Nega,9.538,-13.677,Guinea-Bissau
The Two Faces of War,7.756,-8.818,Guinea-Bissau
Guyana Tragedy: The Story of Jim Jones,6.804,-58.155,Guyana
Jonestown: The Life and Death of Peoples Temple,6.008,-58.307,Guyana
Jonestown: Paradise Lost,6.248,-57.517,Guyana
Guyana: Crime of the Century,7.264,-58.508,Guyana
Festival of Lights ,6.408,-58.622,Guyana
Mustard Bath ,5.883,-57.133,Guyana
Thunder in Guyana,6.271,-57.537,Guyana
Quantum of Solace,18.543,-72.339,Haiti
The Serpent and the Rainbow ,18.545,-72.303,Haiti
White Zombie ,18.512,-72.285,Haiti
The Comedians (1967 film),19.94,-72.83,Haiti
Heading South,18.577,-72.226,Haiti
My Internship in Canada,18.234,-72.535,Haiti
Pirates of Tortuga,19.759,-72.198,Haiti
Divine Horsemen: The Living Gods of Haiti,18.511,-72.633,Haiti
Toussaint Louverture ,18.193,-73.746,Haiti
The Agronomist,18.431,-72.865,Haiti
Sin Nombre (2009 film),14.082,-87.207,Honduras
The Mosquito Coast,15.504,-88.025,Honduras
Sharks' Treasure,15.614,-87.953,Honduras
Appointment in Honduras,15.76,-87.953,Honduras
Weekend War,15.4,-87.8,Honduras
The Ambassador (2005 film),13.3,-87.191,Honduras
El Espíritu de mi Mamá,14.451,-87.638,Honduras
Unos Pocos con Valor,15.826,-87.93,Honduras
Deadpool 2,22.278,114.175,Hong_Kong
The Dark Knight ,22.317,114.183,Hong_Kong
Pacific Rim ,22.371,114.113,Hong_Kong
Doctor Strange (2016 film),22.45,114.033,Hong_Kong
Fast & Furious 6,22.288,113.942,Hong_Kong
Geostorm,22.383,114.183,Hong_Kong
Ip Man 3,22.392,113.972,Hong_Kong
Battleship ,22.45,114.169,Hong_Kong
Die Another Day,22.383,114.267,Hong_Kong
Jumper (2008 film),22.226,114.112,Hong_Kong
The Nun (2018 film),47.498,19.04,Hungary
Red Sparrow,47.533,21.633,Hungary
Spy (2015 film),48.1,20.783,Hungary
Mission: Impossible – Ghost Protocol,46.253,20.148,Hungary
Hotel Transylvania 2,46.083,18.233,Hungary
Dracula Untold,47.683,17.635,Hungary
Hotel Transylvania,47.955,21.717,Hungary
Tinker Tailor Soldier Spy ,46.906,19.691,Hungary
Van Helsing ,47.19,18.41,Hungary
Nosferatu,47.231,16.622,Hungary
Justice League ,64.135,-21.895,Iceland
Jason Bourne ,64.112,-21.913,Iceland
Die Another Day,64.067,-21.938,Iceland
Non-Stop ,65.684,-18.088,Iceland
The Secret Life of Walter Mitty (2013 film),64.089,-21.923,Iceland
Journey to the Center of the Earth (2008 theatrical film),64.167,-21.7,Iceland
Planes ,64.322,-22.075,Iceland
Pawn Sacrifice,63.933,-20.997,Iceland
Journey to the Center of the Earth (1959 film),64.153,-21.995,Iceland
The Deep (2012 film),63.443,-20.273,Iceland
Baahubali 2: The Conclusion,19.073,72.883,India
Baahubali: The Beginning,28.652,77.231,India
Dangal ,12.972,77.594,India
2,22.563,88.363,India
The Avengers (2012 film),13.088,80.278,India
The Jungle Book (2016 film),23.026,72.587,India
Bajrangi Bhaijaan,17.384,78.456,India
Sultan (2016 film),18.52,73.855,India
Raees ,21.196,72.83,India
Everest (2015 film),26.465,80.35,India
Gold (2016 film),-6.215,106.845,Indonesia
Grimsby ,-7.249,112.751,Indonesia
Blackhat ,3.583,98.667,Indonesia
The Raid (2011 film),-6.922,107.607,Indonesia
Eat Pray Love,-6.235,106.99,Indonesia
The Wandering Earth,-2.917,104.746,Indonesia
The Act of Killing,-6.178,106.63,Indonesia
Anacondas: The Hunt for the Blood Orchid,-5.149,119.432,Indonesia
"Merry Christmas, Mr. Lawrence",-6.289,106.718,Indonesia
Braindead ,-6.993,110.421,Indonesia
Argo (2012 film),35.694,51.422,Iran
Prince of Persia: The Sands of Time ,36.316,59.568,Iran
Alexander (2004 film),32.652,51.675,Iran
RoboCop (2014 film),35.833,50.992,Iran
Air Force One ,38.08,46.292,Iran
Syriana,29.61,52.531,Iran
The Darkest Hour ,34.64,50.876,Iran
The Salesman (2016 film),31.319,48.684,Iran
A Separation,34.778,48.472,Iran
Persepolis ,34.384,47.055,Iran
The Mummy (2017 film),33.341,44.401,Iraq
War Dogs (2016 film),30.509,47.78,Iraq
American Sniper,36.335,43.119,Iraq
The Hurt Locker,36.183,44.012,Iraq
Billy Lynn's Long Halftime Walk ,33.306,44.185,Iraq
The A-Team ,35.565,45.433,Iraq
Body of Lies ,35.468,44.392,Iraq
The Wall (2017 film),32.026,44.346,Iraq
The Lucky One ,32.616,44.025,Iraq
Jarhead ,31.058,46.257,Iraq
Mission: Impossible – Fallout,53.333,-6.249,Ireland
Brooklyn ,51.898,-8.471,Ireland
The Lost City of Z ,53.294,-6.136,Ireland
The Foreigner (2017 film),52.665,-8.623,Ireland
P.S. I Love You ,53.272,-9.049,Ireland
Hellboy II: The Golden Army,53.286,-6.373,Ireland
Ek Tha Tiger,52.258,-7.112,Ireland
Sing Street,53.46,-6.218,Ireland
Barry Lyndon,53.719,-6.348,Ireland
The Crying Game,54,-6.417,Ireland
Mindhorn,54.15,-4.483,Isle_of_Man
Albatross ,54.323,-4.385,Isle_of_Man
TT3D: Closer to the Edge,54.222,-4.691,Isle_of_Man
The Manxman,54.085,-4.751,Isle_of_Man
The Martins ,54.074,-4.654,Isle_of_Man
I See a Dark Stranger,54.23,-4.4,Isle_of_Man
3 Wheeling,54.264,-4.463,Isle_of_Man
The Manxman (1916 film),54.29,-4.394,Isle_of_Man
World War Z ,31.769,35.216,Israel
The Passion of the Christ,32.081,34.781,Israel
Kingdom of Heaven ,32.818,34.989,Israel
Robin Hood (2018 film),31.792,34.65,Israel
Noah (2014 film),31.971,34.789,Israel
Exodus: Gods and Kings,32.087,34.887,Israel
The Ten Commandments (1956 film),31.252,34.791,Israel
Munich ,32.333,34.86,Israel
The Prince of Egypt,32.01,34.779,Israel
Risen (2016 film),32.081,34.834,Israel
Thor: Ragnarok,41.892,12.511,Italy
Baahubali 2: The Conclusion,45.464,9.19,Italy
Spectre (2015 film),40.852,14.268,Italy
Aquaman ,45.07,7.687,Italy
The Wolf of Wall Street (2013 film),38.132,13.336,Italy
Kingsman: The Golden Circle,44.405,8.944,Italy
John Wick: Chapter 2,44.494,11.339,Italy
The Dark Knight Rises,43.779,11.246,Italy
Call Me by Your Name ,37.492,15.07,Italy
Jason Bourne ,41.121,16.87,Italy
Chimpanzee ,5.31,-4.013,Ivory_Coast
"Moi, un noir",5.416,-4.016,Ivory_Coast
Aya of Yop City ,7.694,-5.03,Ivory_Coast
Man from Cocody,6.877,-6.45,Ivory_Coast
Pirates of the Caribbean: The Curse of the Black Pearl,17.997,-76.794,Jamaica
Cool Runnings,17.991,-76.957,Jamaica
Dr. No ,17.95,-76.882,Jamaica
Godzilla (1998 film),18.471,-77.919,Jamaica
Cocktail (1988 film),18.042,-77.507,Jamaica
Pirates II: Stagnetti's Revenge,17.965,-77.245,Jamaica
How Stella Got Her Groove Back,17.941,-77.109,Jamaica
Shottas,18.137,-77.032,Jamaica
The Harder They Come,18.012,-76.799,Jamaica
Captain Blood (1935 film),18.219,-78.133,Jamaica
Hacksaw Ridge,35.69,139.692,Japan
Silence (2016 film),35.433,139.65,Japan
The Wolverine ,34.694,135.502,Japan
Unbroken ,35.181,136.906,Japan
Kubo and the Two Strings,43.067,141.35,Japan
The Magnificent Seven,34.691,135.183,Japan
Samurai Jack,35.021,135.754,Japan
Pearl Harbor ,33.6,130.417,Japan
Kill Bill: Volume 1,35.521,139.717,Japan
Princess Mononoke,35.908,139.657,Japan
Transformers: Revenge of the Fallen,31.955,35.945,Jordan
Munich ,32.073,36.088,Jordan
You Don't Mess with the Zohan,32.556,35.85,Jordan
Queen of the Desert ,32.018,36.046,Jordan
Arrambam,31.955,35.818,Jordan
Entebbe ,32.333,35.753,Jordan
Exodus (1960 film),29.527,35.008,Jordan
Beirut ,33.314,38.703,Jordan
The Delta Force,31.716,35.794,Jordan
Waltz with Bashir,32.039,35.727,Jordan
Borat,43.257,76.929,Kazakhstan
The World Is Not Enough,49.802,73.102,Kazakhstan
Air Force One ,42.3,69.6,Kazakhstan
The Darkest Hour ,42.9,71.367,Kazakhstan
Rollerball (2002 film),51.18,71.446,Kazakhstan
Mercenaries (2014 film),52.283,76.967,Kazakhstan
Nomad (2005 film),49.971,82.606,Kazakhstan
The Cavern (2005 film),44.853,65.509,Kazakhstan
Closed Curtain,50.427,80.267,Kazakhstan
Myn Bala,50.28,57.207,Kazakhstan
Inception,-1.283,36.817,Kenya
Eye in the Sky (2015 film),-4.055,36.817,Kenya
The League of Extraordinary Gentlemen ,-0.307,36.072,Kenya
Out of Africa ,0.52,35.27,Kenya
The Ghost and the Darkness,-0.102,34.762,Kenya
The Constant Gardener ,-1.033,37.069,Kenya
Company ,-3.218,40.117,Kenya
Vishwatma,1.016,40.117,Kenya
Submergence,-0.453,39.646,Kenya
Born Free,0.284,34.752,Kenya
Sands of Iwo Jima,1.328,172.977,Kiribati
Up Periscope,1.358,172.921,Kiribati
Pacific Destiny,1.367,173.124,Kiribati
Tarawa Beachhead,1.333,173.012,Kiribati
Anote's Ark,1.329,172.975,Kiribati
Gung Ho!,1.362,173.081,Kiribati
The Balkan Line,42.673,21.167,Kosovo
Battle of Kosovo ,42.214,20.74,Kosovo
The Hornet,42.883,20.867,Kosovo
A Film with No Name,42.38,20.431,Kosovo
Zero Dark Thirty,29.077,48.084,Kuwait
Jarhead ,29.333,48.029,Kuwait
Three Kings (1999 film),29.257,48.057,Kuwait
Best Defense,29.277,47.959,Kuwait
Live from Baghdad ,29.082,48.13,Kuwait
Uncle Sam ,29.37,47.978,Kuwait
Fires of Kuwait,29.146,48.095,Kuwait
The Heroes of Desert Storm,29.096,48.133,Kuwait
Second Blood,29.337,47.658,Kuwait
The Dupes,29.174,48.121,Kuwait
G.I. Joe: The Rise of Cobra,42.87,74.59,Kyrgyzstan
Pure Coolness,40.528,72.799,Kyrgyzstan
Beshkempir,40.933,73,Kyrgyzstan
Where the Sky Meets the Land,42.491,78.394,Kyrgyzstan
Air America ,17.967,102.6,Laos
The Rocket (2013 film),15.12,105.799,Laos
River (2015 Canadian film),17.41,104.831,Laos
Love Is Forever (1982 film),16.57,104.762,Laos
The Pottery Maker,19.886,102.135,Laos
Billion Dollar Brain,56.946,24.106,Latvia
Coup de Grâce (1976 film),55.883,26.533,Latvia
The Priest ,56.527,21.024,Latvia
The Chronicles of Melanie,56.65,23.713,Latvia
Defenders of Riga,56.968,23.77,Latvia
"I Remember Everything, Richard",57.39,21.573,Latvia
Men Without a Fatherland,56.51,27.34,Latvia
Four White Shirts,56.499,25.857,Latvia
Munich ,33.893,35.502,Lebanon
The Man with the Golden Gun ,34.434,35.844,Lebanon
Syriana,33.558,35.371,Lebanon
Brüno,33.273,35.194,Lebanon
Incendies,33.379,35.484,Lebanon
Spy Game,33.407,35.482,Lebanon
Beirut ,33.981,35.618,Lebanon
The Delta Force,33.847,35.902,Lebanon
Capernaum ,34.006,36.218,Lebanon
Waltz with Bashir,33.118,35.14,Lebanon
Cry Freedom,-29.317,27.483,Lesotho
Lord of War,6.301,-10.797,Liberia
Blood Diamond,6.995,-9.471,Liberia
The Last Face,6.531,-10.354,Liberia
Pray the Devil Back to Hell,6.447,-10.613,Liberia
Freetown ,4.378,-7.711,Liberia
Hondros ,8.422,-9.748,Liberia
13 Hours: The Secret Soldiers of Benghazi,32.887,13.187,Libya
The English Patient ,32.115,20.069,Libya
Patriot Games ,32.375,15.093,Libya
Patton ,32.435,13.633,Libya
The Flight of the Phoenix (1965 film),32.649,14.262,Libya
The Big Red One,32.7571,12.72764,Libya
Lion of the Desert,32.752,12.728,Libya
Ice Cold in Alex,30.755,20.226,Libya
The Tuskegee Airmen,32.757,12.376,Libya
The Hill ,27.038,14.428,Libya
The Spy Who Dumped Me,54.689,25.28,Lithuania
Hannibal Rising ,54.903,23.91,Lithuania
Redirected ,55.709,21.143,Lithuania
Persona Non Grata (2015 film),55.933,23.317,Lithuania
Reminiscences of a Journey to Lithuania,55.733,24.35,Lithuania
Utterly Alone,54.396,24.041,Lithuania
The Corridor (1995 film),54.56,23.354,Lithuania
Before Flying Back to Earth,56.317,22.333,Lithuania
Jons und Erdme,55.083,24.283,Lithuania
Pan Tadeusz (1999 film),55.498,25.599,Lithuania
The International (2009 film),49.612,6.13,Luxembourg
Asterix at the Olympic Games ,49.496,5.981,Luxembourg
Asterix & Obelix: Mission Cleopatra,49.481,6.088,Luxembourg
Asterix and Obelix: God Save Britannia,49.506,6.013,Luxembourg
Asterix: The Mansions of the Gods,49.519,6.103,Luxembourg
Asterix and the Vikings,49.558,5.881,Luxembourg
Asterix & Obelix Take On Caesar,49.847,6.104,Luxembourg
The Twelve Tasks of Asterix,49.868,6.156,Luxembourg
Druids ,49.621,6.073,Luxembourg
Asterix: The Secret of the Magic Potion,49.611,6.05,Luxembourg
Alexander (2004 film),41.996,21.431,Macedonia
Alexander the Great (1956 film),41.031,21.335,Macedonia
Reign: The Conqueror,42.132,21.714,Macedonia
Sikandar (1941 film),41.345,21.555,Macedonia
The Third Half,42.01,20.972,Macedonia
The Third Half,42.015,21.441,Macedonia
The Sap from Syracuse,41.949,21.503,Macedonia
Skoplje '63,41.716,21.776,Macedonia
Casino Royale (2006 film),-18.914,47.536,Madagascar
Madagascar (2005 film),-18.149,49.402,Madagascar
Madagascar: Escape 2 Africa,-19.866,47.033,Madagascar
Against All Flags,-21.453,47.086,Madagascar
Island of Lemurs: Madagascar,-15.717,46.317,Madagascar
The King's Pirate,-23.35,43.667,Madagascar
Souli ,-12.317,49.292,Madagascar
"Madagascar, a Journey Diary",-19.65,47.317,Madagascar
Makibefo,-25.178,46.087,Madagascar
The Amorous Corporal,-13.2,49.05,Madagascar
The Boy Who Harnessed the Wind,-13.967,33.787,Malawi
Lifecycles: A Story of AIDS in Malawi,-15.785,35.009,Malawi
Venom (2018 film),6.124,102.243,Malaysia
Crazy Rich Asians ,3.141,101.687,Malaysia
Mission: Impossible – Rogue Nation,3.037,101.443,Malaysia
Kabali ,3.15,101.533,Malaysia
Mechanic: Resurrection,1.466,103.758,Malaysia
Iru Mugan,4.584,101.083,Malaysia
Blackhat ,1.55,110.333,Malaysia
Don (2006 Hindi film),3.107,101.607,Malaysia
Don 2,3.085,101.533,Malaysia
Madras Cafe,5.975,116.072,Malaysia
The Island President,4.175,73.509,Maldives
Impressionen unter Wasser,-0.299,73.424,Maldives
Sahara (2005 film),12.65,-8,Mali
Timbuktu (2014 film),11.318,-5.667,Mali
Yeelen,14.484,-4.183,Mali
Bamako ,12.392,-5.464,Mali
Running the Sahara,13.432,-6.216,Mali
Timbuktu (1959 film),16.272,-0.045,Mali
La Vie Sur Terre,14.447,-11.444,Mali
Guimba the Tyrant,13.702,-6.066,Mali
N - The Madness of Reason,13.573,-8.034,Mali
Timbuctoo ,12.744,-8.073,Mali
Youth Without Youth ,35.897,14.461,Malta
Black Eagle (1988 film),35.876,14.472,Malta
The Mackintosh Man,35.909,14.426,Malta
Malta Story,35.876,14.535,Malta
Trenchcoat ,35.951,14.416,Malta
Hell Boats,35.906,14.476,Malta
Eyewitness (1970 film),35.87,14.513,Malta
Final Justice (1985 film),35.856,14.533,Malta
The Secret of Dr. Mabuse,35.913,14.502,Malta
Simshar ,35.872,14.441,Malta
Godzilla vs. King Ghidorah,7.09,171.38,Marshall_Islands
Radio Bikini,8.775,167.739,Marshall_Islands
Operation Bikini,7.067,171.554,Marshall_Islands
To Have and Have Not ,14.604,-61.074,Martinique
Sugar Cane Alley,14.613,-61,Martinique
Volcano! (1926 film),14.678,-60.942,Martinique
Creole Connections,14.784,-60.992,Martinique
Running the Sahara,18.086,-15.978,Mauritania
En attendant les hommes,20.942,-17.038,Mauritania
Ajnabee (2001 film),-20.162,57.499,Mauritius
Saansein,-20.233,57.466,Mauritius
Dil Jo Bhi Kahey...,-20.298,57.478,Mauritius
Bachaana,-20.315,57.52,Mauritius
Help ,-20.264,57.479,Mauritius
The Breakup Guru,-20.055,57.545,Mauritius
Caring for the Lagoon,-12.782,45.229,Mayotte
Batman v Superman: Dawn of Justice,19.428,-99.128,Mexico
Spectre (2015 film),19.355,-99.062,Mexico
Logan ,19.605,-99.061,Mexico
Narcos,20.667,-103.392,Mexico
Creed ,19.038,-98.203,Mexico
Sicario (2015 film),31.72,-106.461,Mexico
Sons of Anarchy,32.503,-117.004,Mexico
The Shawshank Redemption,21.129,-101.674,Mexico
Coco (2017 film),19.494,-99.111,Mexico
Godzilla: King of the Monsters (2019 film),20.724,-103.385,Mexico
Red (2010 film),47.006,28.858,Moldova
Hellboy (2004 film),46.843,29.629,Moldova
Spectral,47.763,27.929,Moldova
Black Sunday (1960 film),46.832,29.478,Moldova
Siberian Education,47.768,29.01,Moldova
Six Bullets,45.904,28.199,Moldova
Bill & Ted's Excellent Adventure,47.908,106.883,Mongolia
The Way Back,49.033,104.083,Mongolia
Skiptrace ,49.487,105.923,Mongolia
Iron Sky: The Coming Race,48.006,91.642,Mongolia
Flight of the Phoenix (2004 film),48.968,89.963,Mongolia
Mongol ,49.981,92.067,Mongolia
Burn Your Maps,44.67,102.175,Mongolia
The Eagle Huntress,49.634,100.162,Mongolia
The Conqueror (1956 film),46.194,100.718,Mongolia
Doppelgänger (1969 film),46.264,102.775,Mongolia
Casino Royale (2006 film),42.441,19.264,Montenegro
The November Man,42.773,18.944,Montenegro
Superfly (2018 film),42.453,18.538,Montenegro
The Brothers Bloom,43.357,19.358,Montenegro
The Dark Side of the Sun ,42.286,18.84,Montenegro
Meet Me in Montenegro,42.093,19.1,Montenegro
King of the Belgians ,43.038,19.748,Montenegro
Ace of Spades: Bad Destiny,42.391,18.914,Montenegro
Spectre (2015 film),34.033,-5,Morocco
Mission: Impossible – Rogue Nation,34.013,-6.833,Morocco
Casablanca ,33.588,-7.611,Morocco
Allied ,34.053,-6.798,Morocco
John Wick: Chapter 3 – Parabellum,31.634,-8,Morocco
All the Money in the World,30.42,-9.598,Morocco
The Bourne Ultimatum ,35.767,-5.8,Morocco
Escape Plan ,33.894,-5.547,Morocco
Babel ,34.681,-1.909,Morocco
Hanna ,35.252,-3.937,Morocco
Light Drops,-25.966,32.583,Mozambique
Kuxa Kanema: The Birth of Cinema,-25.962,32.459,Mozambique
Marrabenta Stories,-19.844,34.839,Mozambique
O Meu Marido Está a Negar,-15.116,39.267,Mozambique
I Love You (2007 Mozambican film),-19.116,33.483,Mozambique
Rambo (2008 film),16.805,96.156,Myanmar
Anegan,21.975,96.084,Myanmar
The Railway Man ,19.745,96.13,Myanmar
Stealth ,16.491,97.628,Myanmar
Rangoon (2017 Hindi film),15.823,98.253,Myanmar
Hard Target 2,17.335,96.481,Myanmar
The Lady (2011 film),16.779,94.732,Myanmar
Ninja: Shadow of a Tear,22.109,95.136,Myanmar
Pudhukottaiyilirundhu Saravanan,20.146,92.898,Myanmar
Never So Few,20.878,95.858,Myanmar
Transformers: The Last Knight,-22.559,17.083,Namibia
King Solomon's Mines (1985 film),-17.933,19.767,Namibia
Dust Devil ,-22.957,14.505,Namibia
The King Is Alive,-17.788,15.704,Namibia
Sands of the Kalahari,-22.678,14.527,Namibia
The Bone Snatcher,-17.5,24.267,Namibia
Lost in the Desert,-19.567,18.117,Namibia
Game for Vultures,-23.317,17.09,Namibia
Running Free ,-20.464,16.648,Namibia
A Twist of Sand,-21.983,16.917,Namibia
Everest (2015 film),27.702,85.321,Nepal
Doctor Strange (2016 film),28.267,83.969,Nepal
Raiders of the Lost Ark,27.677,85.314,Nepal
2012,26.455,87.27,Nepal
G.I. Joe: Retaliation,27.017,84.881,Nepal
"Monsters, Inc.",26.814,87.28,Nepal
Chekka Chivantha Vaanam,27.677,84.436,Nepal
The Expendables 2,26.729,85.926,Nepal
Smallfoot ,28.701,80.59,Nepal
Planes ,27.701,83.448,Nepal
Spider-Man: Far From Home,52.374,4.89,Netherlands
The Fault in Our Stars ,51.922,4.479,Netherlands
The Hitman's Bodyguard,52.077,4.299,Netherlands
The 15:17 to Paris,52.091,5.122,Netherlands
Rush (2013 film),51.441,5.478,Netherlands
Ocean's Twelve,51.556,5.091,Netherlands
Hostel (2005 film),53.219,6.567,Netherlands
Munich ,52.37,5.214,Netherlands
Tulip Fever,51.587,4.776,Netherlands
The Bourne Supremacy ,51.843,5.853,Netherlands
A Turtle's Tale: Sammy's Adventures,-22.274,166.449,New_Caledonia
Rebellion (2011 film),-22.263,166.566,New_Caledonia
The Proud and Profane,-22.158,166.457,New_Caledonia
The Wolf of Wall Street (2013 film),-36.849,174.763,New_Zealand
Everest (2015 film),-41.287,174.776,New_Zealand
Cloud Atlas ,-43.533,172.633,New_Zealand
What We Do in the Shadows,-36.993,174.88,New_Zealand
Hunt for the Wilderpeople,-36.918,174.658,New_Zealand
The Piano,-37.783,175.283,New_Zealand
Heavenly Creatures,-45.874,170.504,New_Zealand
Boy (2010 film),-37.686,176.167,New_Zealand
Once Were Warriors ,-41.217,174.917,New_Zealand
Whale Rider,-40.356,175.611,New_Zealand
Broadcast News ,12.133,-86.25,Nicaragua
Walker ,12.438,-86.878,Nicaragua
Latino ,11.974,-86.094,Nicaragua
Last Plane Out,12.629,-87.131,Nicaragua
Striker (1987 film),12.926,-85.917,Nicaragua
The Ambassador (2005 film),13.092,-86.354,Nicaragua
Under Fire (1983 film),11.93,-85.956,Nicaragua
Sahara (2005 film),13.514,2.11,Niger
Running the Sahara,13.807,8.988,Niger
Sarraounia ,13.5,7.102,Niger
La Robe du temps,16.973,7.991,Niger
La Mort de la gazelle,17.019,8.017,Niger
Jaguar (1967 film),14.889,5.269,Niger
Captain America: Civil War,6.454,3.395,Nigeria
Black Panther ,12,8.517,Nigeria
X-Men Origins: Wolverine,7.378,3.906,Nigeria
Tears of the Sun,10.526,7.439,Nigeria
Sahara (2005 film),4.777,7.013,Nigeria
Half of a Yellow Sun ,6.338,5.626,Nigeria
The Wedding Party (2016 film),11.847,13.157,Nigeria
Black November,11.111,7.723,Nigeria
October 1,5.107,7.367,Nigeria
Dry ,9.928,8.892,Nigeria
Olympus Has Fallen,39.034,125.754,North_Korea
Okja,39.918,127.536,North_Korea
G.I. Joe: Retaliation,38.737,125.408,North_Korea
Die Another Day,39.432,125.933,North_Korea
Salt (2010 film),39.832,127.619,North_Korea
The Interview,37.971,126.554,North_Korea
Team America: World Police,39.153,127.444,North_Korea
A Werewolf Boy,41.796,129.776,North_Korea
Stealth ,38.507,125.756,North_Korea
Operation Chromite ,40.101,124.398,North_Korea
Windtalkers,15.212,145.754,Northern_Mariana_Islands
Oba: The Last Samurai,14.968,145.62,Northern_Mariana_Islands
Hell to Eternity,18.125,145.759,Northern_Mariana_Islands
Anatahan ,18.736,145.653,Northern_Mariana_Islands
Avengers: Endgame,59.913,10.746,Norway
Thor: Ragnarok,60.393,5.324,Norway
Avengers: Age of Ultron,63.43,10.395,Norway
Thor ,58.97,5.733,Norway
Captain America: The First Avenger,59.744,10.204,Norway
The Snowman (2017 film),59.218,10.93,Norway
Downsizing ,58.147,7.996,Norway
22 July,58.852,5.735,Norway
Eight Below,59.833,10.437,Norway
The Witches (1990 film),69.649,18.955,Norway
Captain Phillips ,23.584,58.408,Oman
Personal Shopper,23.67,58.189,Oman
Killer Elite ,17.015,54.092,Oman
Baahubali 2: The Conclusion,24.861,67.01,Pakistan
Baahubali: The Beginning,31.558,74.351,Pakistan
Bajrangi Bhaijaan,31.416,73.09,Pakistan
Everest (2015 film),33.597,73.048,Pakistan
Mission: Impossible – Fallout,30.197,71.478,Pakistan
Bridge of Spies ,25.392,68.374,Pakistan
Iron Man 3,32.156,74.187,Pakistan
Padmaavat,34.008,71.578,Pakistan
Thugs of Hindostan,28.42,70.303,Pakistan
London Has Fallen,30.184,67.001,Pakistan
Journey 2: The Mysterious Island,7.34,134.473,Palau
Fast & Furious (2009 film),8.994,-79.52,Panama
Godzilla (1998 film),9.05,-79.471,Panama
Hands of Stone,9.05,-79.45,Panama
42,8.427,-82.431,Panama
Team America: World Police,8.952,-79.66,Panama
The Tailor of Panama ,9.355,-79.9,Panama
Sniper (1993 film),8.88,-79.783,Panama
Mega Shark Versus Crocosaurus,9.067,-79.433,Panama
Indigenous ,9.089,-79.383,Panama
Across the Pacific,8.1,-80.983,Panama
Sanctum ,-9.477,147.151,Papua_New_Guinea
Godzilla: Final Wars,-6.722,146.985,Papua_New_Guinea
Born Free,-6.23,155.566,Papua_New_Guinea
Robinson Crusoe (1997 film),-5.857,144.231,Papua_New_Guinea
Mr. Pip,-8.765,148.233,Papua_New_Guinea
The Mountain of the Cannibal God,-5.222,145.787,Papua_New_Guinea
The Wackiest Ship in the Army ,-4.343,152.269,Papua_New_Guinea
La Vallée ,-6.148,143.656,Papua_New_Guinea
Ongka's Big Moka,-5.551,150.138,Papua_New_Guinea
Gamera vs. Barugon,-6.083,145.387,Papua_New_Guinea
The Mission (1986 film),-25.286,-57.647,Paraguay
The Boys from Brazil ,-25.51,-54.611,Paraguay
Zama (2017 film),-25.34,-57.509,Paraguay
7 Boxes,-25.355,-57.445,Paraguay
One Man's War,-25.347,-57.606,Paraguay
Landfill Harmonic,-25.339,-57.522,Paraguay
Rat Trap ,-25.166,-57.486,Paraguay
Thirst (1960 film),-25.395,-57.536,Paraguay
Raiders of the Lost Ark,-12.043,-77.028,Peru
Indiana Jones and the Kingdom of the Crystal Skull,-16.399,-71.535,Peru
The Emperor's New Groove,-12.057,-77.118,Peru
Paddington ,-8.116,-79.03,Peru
The Motorcycle Diaries ,-6.771,-79.841,Peru
"Aguirre, the Wrath of God",-3.749,-73.254,Peru
Fitzcarraldo,-12.065,-75.205,Peru
Saludos Amigos,-5.194,-80.633,Peru
Kon-Tiki (2012 film),-9.085,-78.578,Peru
"Tad, The Lost Explorer",-13.523,-71.967,Peru
XXX: Return of Xander Cage,14.649,121.051,Philippines
Pacific Rim ,14.604,120.982,Philippines
London Has Fallen,14.65,120.968,Philippines
Citizen Kane,7.204,124.44,Philippines
Godzilla (2014 film),7.073,125.613,Philippines
The Bourne Legacy ,7.161,124.475,Philippines
American Ultra,10.317,123.891,Philippines
Man on the Moon ,6.113,125.172,Philippines
Heneral Luna,14.524,121.079,Philippines
The Wandering Earth,14.587,121.061,Philippines
X-Men: Apocalypse,52.23,21.012,Poland
Schindler's List,51.771,19.474,Poland
X-Men: First Class,50.061,19.937,Poland
Zero Dark Thirty,51.1,17.033,Poland
The Fault in Our Stars ,52.407,16.93,Poland
X-Men ,54.352,18.646,Poland
The Boy in the Striped Pyjamas ,53.429,14.553,Poland
The Pianist (2002 film),53.123,18.008,Poland
Life Is Beautiful,51.25,22.567,Poland
Sophie's Choice ,50.258,19.028,Poland
On Her Majesty's Secret Service ,38.717,-9.133,Portugal
The Ninth Gate,41.15,-8.611,Portugal
Night Train to Lisbon ,38.754,-9.231,Portugal
The Russia House ,41.55,-8.42,Portugal
Arabian Nights (2015 film),38.524,-8.888,Portugal
Doppelgänger (1969 film),40.206,-8.42,Portugal
Porto ,38.757,-9.255,Portugal
The Invisible Circus ,32.666,-16.925,Portugal
The State of Things ,38.767,-9.298,Portugal
Mysteries of Lisbon,41.124,-8.612,Portugal
The Punisher (2004 film),18.466,-66.106,Puerto_Rico
Contact (1997 American film),18.399,-66.156,Puerto_Rico
If Beale Street Could Talk ,18.381,-65.957,Puerto_Rico
The Rum Diary ,18.01,-66.624,Puerto_Rico
Assassins ,18.234,-66.048,Puerto_Rico
Under Suspicion (2000 film),18.357,-66.111,Puerto_Rico
Welcome to the Jungle (2013 film),18.201,-67.14,Puerto_Rico
Runner Runner,18.355,-66.007,Puerto_Rico
Q&A ,18.472,-66.716,Puerto_Rico
A Show of Force,18.326,-65.652,Puerto_Rico
Transformers ,25.285,51.531,Qatar
Body of Lies ,25.292,51.424,Qatar
Congo Jazz,-4.266,15.283,Republic_of_Congo
Crazy Cruise,-4.776,11.864,Republic_of_Congo
The Impostor (1944 film),-4.198,12.667,Republic_of_Congo
Fury of the Congo,-4.205,13.286,Republic_of_Congo
Travels in the Congo ,-0.482,15.9,Republic_of_Congo
Mississippi Mermaid,-20.882,55.45,Réunion
Captain America: Civil War,44.432,26.106,Romania
The Nun (2018 film),47.167,27.6,Romania
Hotel Transylvania 2,46.767,23.6,Romania
The Expendables 3,45.754,21.226,Romania
Dracula Untold,44.317,23.8,Romania
Hotel Transylvania,44.181,28.634,Romania
Van Helsing ,45.437,28.05,Romania
Singh Is Bliing,45.649,25.606,Romania
Nosferatu,44.95,26.017,Romania
Bram Stoker's Dracula,45.272,27.974,Romania
Captain America: Civil War,55.752,37.616,Russia
Justice League ,59.939,30.314,Russia
The Avengers (2012 film),55.041,82.935,Russia
The Fate of the Furious,56.852,60.612,Russia
X-Men: Days of Future Past,56.329,44.002,Russia
Bridge of Spies ,53.2,50.15,Russia (formerly Soviet_Union)
XXX: Return of Xander Cage,54.992,73.369,Russia
Red Sparrow,55.789,49.122,Russia
The Equalizer ,47.231,39.723,Russia
X-Men: First Class,55.154,61.429,Russia
Hotel Rwanda,-1.95,30.059,Rwanda
The African Queen ,-2.597,29.739,Rwanda
Gorillas in the Mist,-2.074,29.757,Rwanda
Sometimes in April,-1.5,29.635,Rwanda
Shake Hands with the Devil (2007 film),-1.703,29.256,Rwanda
Shooting Dogs,-1.576,30.067,Rwanda
Earth Made of Glass ,-2.485,28.907,Rwanda
Screamers (2006 film),-2.06,29.348,Rwanda
Africa United (2010 film),-1.949,30.435,Rwanda
Shake Hands with the Devil: The Journey of Roméo Dallaire,-2.16,30.543,Rwanda
Creole Connections,13.996,-61.006,Saint_Lucia
Pirates of the Caribbean: Dead Man's Chest,13.155,-61.227,Saint_Vincent_and_Grenadines
Hobbs & Shaw,-13.833,-171.767,Samoa
Moana (1926 film),-13.52,-172.638,Samoa
Dangerous Money,-13.832,-172.036,Samoa
The Orator ,-13.795,-171.831,Samoa
Little fruit from the Equator,0.337,6.727,São_Tomé_and_Príncipe
All the Money in the World,24.688,46.722,Saudi_Arabia
Lawrence of Arabia ,21.542,39.198,Saudi_Arabia
A Hologram for the King ,21.427,39.826,Saudi_Arabia
The Kingdom ,24.469,39.614,Saudi_Arabia
Innocence of Muslims,24.493,39.586,Saudi_Arabia
Muhammad: The Messenger of God ,26.434,50.103,Saudi_Arabia
The Message (1976 film),21.27,40.416,Saudi_Arabia
Bilal: A New Breed of Hero,28.4,36.572,Saudi_Arabia
Fetih 1453,24.155,47.335,Saudi_Arabia
Wadjda,26.326,43.975,Saudi_Arabia
Black Girl (1966 film),14.694,-17.444,Senegal
Xala,14.765,-17.391,Senegal
Touki Bouki,14.85,-15.883,Senegal
Running the Sahara,14.789,-16.926,Senegal
Ceddo,14.783,-16.967,Senegal
Faat Kiné,16.018,-16.49,Senegal
Borom Sarret,14.152,-16.073,Senegal
Mandabi,12.568,-16.273,Senegal
Black (2008 film),14.633,-16.233,Senegal
Badou Boy,13.771,-13.667,Senegal
A Serbian Film,44.804,20.465,Serbia
Vivegam,43.325,21.903,Serbia
Chekka Chivantha Vaanam,45.252,19.837,Serbia
From Russia with Love ,44.846,20.401,Serbia
The November Man,44.017,20.917,Serbia
3 Days to Kill,43.891,20.35,Serbia
Babylon A.D.,46.1,19.667,Serbia
Renegades (2017 film),42.998,21.946,Serbia
Underground (1995 film),43.137,20.512,Serbia
Clip ,43.726,20.689,Serbia
Goodbye Emmanuelle,-4.62,55.455,Seychelles
Ragasiya Police,-4.717,55.483,Seychelles
La ragazza dalla pelle di luna,-4.617,55.417,Seychelles
Lord of War,8.487,-13.236,Sierra_Leone
Amistad ,7.965,-11.738,Sierra_Leone
Blood Diamond,7.877,-11.19,Sierra_Leone
The Last Face,8.644,-10.971,Sierra_Leone
Cry Freetown,8.886,-12.044,Sierra_Leone
Relentless (2010 film),8.684,-12.535,Sierra_Leone
Ezra (2007 film),8.766,-12.787,Sierra_Leone
La vita non perde valore,8.339,-13.071,Sierra_Leone
Kamara's Tree,9.589,-11.553,Sierra_Leone
Independence Day: Resurgence,1.355,103.776,Singapore
Crazy Rich Asians ,1.247,103.824,Singapore
Pirates of the Caribbean: At World's End,1.364,103.757,Singapore
Hitman: Agent 47,1.276,103.817,Singapore
Eye in the Sky (2015 film),1.352,103.766,Singapore
Johnny English Strikes Again,1.361,103.809,Singapore
Rebel (2012 film),1.169,103.739,Singapore
In the Mood for Love,1.32,103.832,Singapore
Thunderbirds (2004 film),1.279,103.811,Singapore
Pyaar Impossible!,1.167,103.737,Singapore
Van Helsing ,48.148,17.107,Slovakia
Hostel (2005 film),48.714,21.258,Slovakia
Hostel: Part II,48.998,21.234,Slovakia
EuroTrip,48.308,18.085,Slovakia
Shadow of the Vampire,49.223,18.739,Slovakia
Bathory ,48.739,19.153,Slovakia
Import/Export,48.377,17.587,Slovakia
Czechoslovakia 1968,49.067,18.924,Slovakia
The Line (2017 film),48.895,18.044,Slovakia
Jánošík (1921 film),49.061,20.298,Slovakia
Season of the Witch (2011 film),46.051,14.505,Slovenia
Doraemon: Nobita and the Spiral City,46.555,15.647,Slovenia
We Will Be the World Champions,46.231,15.26,Slovenia
Slovenian Girl,46.239,14.356,Slovenia
The Red Colored Grey Truck,46.359,15.11,Slovenia
Cheese and Jam,45.547,13.729,Slovenia
"Sand, Love and Salt",45.804,15.169,Slovenia
Rooster's Breakfast,46.42,15.87,Slovenia
The Thin Red Line (1998 film),-9.433,159.95,Solomon_Islands
PT 109 ,-8.768,160.698,Solomon_Islands
The Thin Red Line (1964 film),-8.103,156.842,Solomon_Islands
Guadalcanal Diary ,-8.145,159.592,Solomon_Islands
Beachhead ,-9.103,160.151,Solomon_Islands
Black Hawk Down ,2.037,45.344,Somalia
The Expendables 3,9.56,44.065,Somalia
Captain Phillips ,10.44,45.014,Somalia
Desert Flower ,-0.358,42.545,Somalia
A Hijacking,1.716,44.772,Somalia
Pressure (2015 film),0.07,42.745,Somalia
Fishing Without Nets (2014 film),3.114,43.65,Somalia
A Girl from Mogadishu,9.522,45.534,Somalia
The Cruelest Day,11.284,49.182,Somalia
La pattuglia dell'Amba Alagi,2.138,45.121,Somalia
Avengers: Age of Ultron,-33.926,18.423,South_Africa
Grimsby ,-29.858,31.029,South_Africa
Chappie ,-26.202,28.044,South_Africa
District 9,-26.268,27.858,South_Africa
Singh Is Bliing,-25.745,28.188,South_Africa
Rush (2013 film),-33.961,25.615,South_Africa
Gandhi ,-29.617,30.393,South_Africa
Invictus ,-26.188,28.321,South_Africa
Diamonds Are Forever ,-25.996,28.227,South_Africa
Blood Diamond,-33.015,27.912,South_Africa
Black Panther ,37.566,126.978,South_Korea
Avengers: Age of Ultron,35.102,129.03,South_Korea
Train to Busan,37.456,126.705,South_Korea
World War Z ,35.87,128.591,South_Korea
Cloud Atlas ,36.321,127.42,South_Korea
The Bourne Legacy ,35.155,126.916,South_Korea
Geostorm,37.291,127.009,South_Korea
Foxcatcher,37.656,126.835,South_Korea
Okja,37.439,127.138,South_Korea
The Handmaiden,35.537,129.317,South_Korea
Machine Gun Preacher,4.852,31.582,South_Sudan
Lost Boys of Sudan ,9.012,27.571,South_Sudan
Assassin's Creed ,40.417,-3.703,Spain
Pirates of the Caribbean: On Stranger Tides,41.389,2.159,Spain
Pan's Labyrinth,39.47,-0.377,Spain
Pitch Perfect 3,37.383,-5.973,Spain
Fast & Furious 6,41.656,-0.877,Spain
Geostorm,36.72,-4.42,Spain
Rush (2013 film),37.987,-1.13,Spain
The Bourne Ultimatum ,39.569,2.65,Spain
Ferdinand ,28.1,-15.413,Spain
Highlander ,43.263,-2.925,Spain
Madras Cafe,6.935,79.849,Sri_Lanka
Kannathil Muthamittal,6.84,79.871,Sri_Lanka
Dheepan,6.773,79.882,Sri_Lanka
Thenali,9.668,80.007,Sri_Lanka
A Common Man ,7.208,79.836,Sri_Lanka
The Terrorist (1997 film),6.891,79.901,Sri_Lanka
Ceylon ,6.883,79.907,Sri_Lanka
Kuttrapathirikai,7.291,80.634,Sri_Lanka
Sri Lanka's Killing Fields,8.578,81.229,Sri_Lanka
Aloko Udapadi,7.409,81.835,Sri_Lanka
The Constant Gardener ,15.552,32.532,Sudan
The Good Lie,15.645,32.478,Sudan
The Four Feathers (2002 film),12.049,24.881,Sudan
Khartoum ,19.617,37.216,Sudan
In a Better World,15.451,36.4,Sudan
The Four Feathers (1939 film),13.184,30.217,Sudan
The Four Feathers,14.035,35.383,Sudan
Darfur ,13.163,32.663,Sudan
Storm Over the Nile,14.401,33.52,Sudan
Screamers (2006 film),11.462,26.126,Sudan
Wan Pipel,5.866,-55.167,Suriname
Let Each One Go Where He May,5.7,-55.233,Suriname
Faja Lobbi,5.056,-54.98,Suriname
The Price of Sugar (2013 film),5.926,-56.973,Suriname
Kingsman: The Golden Circle,59.333,18.065,Sweden
Mamma Mia! Here We Go Again,57.707,11.967,Sweden
The Girl with the Dragon Tattoo (2011 film),55.606,13.001,Sweden
The Girl in the Spider's Web ,59.859,17.639,Sweden
The Ritual (2017 film),59.428,17.951,Sweden
The Wife (2017 film),59.616,16.553,Sweden
The Girl with the Dragon Tattoo (2009 film),59.274,15.207,Sweden
Let the Right One In ,58.411,15.622,Sweden
The Seventh Seal,56.047,12.694,Sweden
The Square (2017 film),57.781,14.156,Sweden
The Wolf of Wall Street (2013 film),47.367,8.55,Switzerland
Iron Man 3,46.202,6.146,Switzerland
Spider-Man: Far From Home,47.558,7.573,Switzerland
The Girl with the Dragon Tattoo (2011 film),46.948,7.447,Switzerland
X-Men: First Class,46.516,6.633,Switzerland
A Cure for Wellness,47.506,8.724,Switzerland
Snowden ,47.424,9.375,Switzerland
Edge of Tomorrow,46.01,8.96,Switzerland
Sherlock Holmes: A Game of Shadows,47.05,8.306,Switzerland
The Bourne Identity (2002 film),47.137,7.246,Switzerland
Phantom (2015 film),36.201,37.161,Syria
Munich ,33.51,36.291,Syria
You Don't Mess with the Zohan,34.727,36.723,Syria
Entebbe ,35.132,36.758,Syria
Exodus (1960 film),35.532,35.79,Syria
Beirut ,35.336,40.141,Syria
The Delta Force,35.953,39.008,Syria
Waltz with Bashir,36.371,37.516,Syria
Raid on Entebbe ,35.931,36.634,Syria
Omar ,33.572,36.403,Syria
Lucy (2014 film),25.048,121.532,Taiwan
Geostorm,22.616,120.313,Taiwan
Godzilla vs. Kong,24.147,120.684,Taiwan
Bleeding Steel,22.991,120.213,Taiwan
Gorgeous ,25.014,121.467,Taiwan
Warriors of the Rainbow: Seediq Bale,24.804,120.969,Taiwan
Crime Story ,24.994,121.297,Taiwan
To the Fore,25.128,121.742,Taiwan
Monga ,23.977,121.604,Taiwan
The Wayward Cloud,23.961,120.572,Taiwan
Spies Like Us,38.536,68.779,Tajikistan
Sex & Philosophy,40.283,69.622,Tajikistan
True Noon ,37.915,69.785,Tajikistan
The Bucket List,-6.823,39.27,Tanzania
Massu Engira Masilamani,-2.517,32.9,Tanzania
The African Queen ,-6.164,39.198,Tanzania
Soarin',-3.367,36.683,Tanzania
Hatari!,-8.9,33.45,Tanzania
Mountains of the Moon ,-6.821,37.661,Tanzania
Darwin's Nightmare,-5.069,39.099,Tanzania
Shout at the Devil ,-6.172,35.739,Tanzania
The Crimson Wing: Mystery of the Flamingos,-4.877,29.627,Tanzania
Crack in the World,-3.35,37.333,Tanzania
Kong: Skull Island,13.754,100.501,Thailand
Kabali ,13.599,100.597,Thailand
The Meg,13.861,100.515,Thailand
The Bourne Legacy ,17.416,102.786,Thailand
The Impossible (2012 film),13.362,100.983,Thailand
American Gangster ,14.971,102.102,Thailand
Kyaa Kool Hain Hum 3,18.79,98.985,Thailand
The Beach ,7.008,100.477,Thailand
Mechanic: Resurrection,13.913,100.499,Thailand
The Bridge on the River Kwai,13.174,100.931,Thailand
The Blooms of Banjeli,6.129,1.222,Togo
The Other Side of Heaven,-21.139,-175.202,Tonga
Tongan Ninja,-21.177,-175.117,Tonga
Tongan Ark,-18.651,-173.984,Tonga
The Bank Job,10.517,-61.417,Trinidad_and_Tobago
Dulha Mil Gaya,10.28,-61.446,Trinidad_and_Tobago
Affair in Trinidad,10.28,-61.468,Trinidad_and_Tobago
The Mystic Masseur,10.667,-61.519,Trinidad_and_Tobago
Bim,10.306,-61.176,Trinidad_and_Tobago
Contract Killers,10.637,-61.282,Trinidad_and_Tobago
The Body (1974 film),10.306,-61.447,Trinidad_and_Tobago
Murder in Trinidad,10.649,-61.499,Trinidad_and_Tobago
The Hummingbird Tree,10.174,-61.684,Trinidad_and_Tobago
Two Yanks in Trinidad,10.652,-61.389,Trinidad_and_Tobago
Valkyrie ,36.819,10.166,Tunisia
The X-Files ,34.741,10.76,Tunisia
Patton ,35.825,10.637,Tunisia
The Big Red One,35.678,10.096,Tunisia
Ice Cold in Alex,37.274,9.874,Tunisia
Pirates (1986 film),33.881,10.098,Tunisia
The Tuskegee Airmen,36.86,10.193,Tunisia
The Hill ,35.168,8.837,Tunisia
The Desert Fox: The Story of Rommel,34.425,8.784,Tunisia
Cabiria,36.818,10.305,Tunisia
Wonder Woman (2017 film),41.014,28.95,Turkey
Inferno (2016 film),39.92,32.854,Turkey
Skyfall,38.413,27.138,Turkey
Argo (2012 film),40.196,29.06,Turkey
Lawrence of Arabia ,37.002,35.329,Turkey
Dracula Untold,37.059,37.383,Turkey
Armageddon (1998 film),37.871,32.485,Turkey
Indiana Jones and the Last Crusade,39.918,32.863,Turkey
The Equalizer 2,36.908,30.696,Turkey
Tinker Tailor Soldier Spy ,41.039,28.857,Turkey
Air Force One ,37.95,58.383,Turkmenistan
The Darkest Hour ,39.073,63.579,Turkmenistan
White Sun of the Desert,41.836,59.967,Turkmenistan
Closed Curtain,37.594,61.83,Turkmenistan
By the Bluest of Seas,39.511,54.367,Turkmenistan
New Moon (1930 film),37.619,62.167,Turkmenistan
Greedy Lying Bastards,-8.524,179.194,Tuvalu
Casino Royale (2006 film),0.316,32.582,Uganda
The Last King of Scotland ,2.775,32.299,Uganda
The Lion King II: Simba's Pride,2.25,32.9,Uganda
Kony 2012,-0.605,30.649,Uganda
Queen of Katwe,0.439,33.203,Uganda
Entebbe ,-0.592,30.629,Uganda
Mighty Joe Young (1998 film),1.082,34.175,Uganda
Mississippi Masala,0.353,32.755,Uganda
Who Killed Captain Alex?,0.183,30.083,Uganda
Raid on Entebbe ,-0.334,31.734,Uganda
Creed II,50.455,30.524,Ukraine
Transformers: Dark of the Moon,49.981,36.253,Ukraine
Mission: Impossible ,48.459,35.039,Ukraine
Lord of War,48.023,37.802,Ukraine
A Good Day to Die Hard,46.477,30.733,Ukraine
Godzilla (1998 film),47.823,35.19,Ukraine
The Sum of All Fears ,49.838,24.023,Ukraine
Fiddler on the Roof ,47.91,33.38,Ukraine
Boyka: Undisputed,46.966,31.997,Ukraine
Hobbs & Shaw,47.095,37.541,Ukraine
Furious 7,25.066,55.171,United_Arab_Emirates
Mission: Impossible – Ghost Protocol,25.337,55.412,United_Arab_Emirates
Geostorm,24.467,54.367,United_Arab_Emirates
Welcome Back ,24.451,54.397,United_Arab_Emirates
Kung Fu Yoga,25.402,55.479,United_Arab_Emirates
Happy New Year (2014 film),25.79,55.943,United_Arab_Emirates
Hamari Adhuri Kahani,24.359,54.483,United_Arab_Emirates
Sex and the City 2,25.116,56.341,United_Arab_Emirates
Chekka Chivantha Vaanam,25.145,56.248,United_Arab_Emirates
Body of Lies ,24.31,54.629,United_Arab_Emirates
Avengers: Infinity War,51.509,-0.126,United_Kingdom
Captain America: Civil War,52.481,-1.9,United_Kingdom
Black Panther ,53.411,-2.978,United_Kingdom
Fantastic Beasts and Where to Find Them ,52.954,-1.15,United_Kingdom
Harry Potter (film series),53.383,-1.466,United_Kingdom
Avengers: Age of Ultron,51.455,-2.597,United_Kingdom
The Greatest Showman,55.865,-4.258,United_Kingdom
Transformers: The Last Knight,52.639,-1.132,United_Kingdom
Bohemian Rhapsody ,55.952,-3.196,United_Kingdom
The Conjuring 2,53.796,-1.548,United_Kingdom
Avengers: Infinity War,40.6635,-73.9387,United_States
Avengers: Endgame,34.0194,-118.4108,United_States
Suicide Squad ,41.8376,-87.6818,United_States
Captain America: Civil War,29.7866,-95.3909,United_States
Batman v Superman: Dawn of Justice,33.5722,-112.0901,United_States
Deadpool ,40.0094,-75.1333,United_States
Black Panther ,29.4724,-98.5251,United_States
The Revenant (2015 film),32.8153,-117.135,United_States
It (2017 film),32.7933,-96.7665,United_States
Justice League ,37.2967,-121.8189,United_States
XXY ,-34.903,-56.188,Uruguay
United Passions,-31.383,-57.967,Uruguay
The Battle of the River Plate ,-32.317,-58.081,Uruguay
The City of Your Final Destination,-34.73,-56.219,Uruguay
State of Siege,-30.905,-55.551,Uruguay
"Montevideo, God Bless You!",-34.9,-54.95,Uruguay
Ataque de Pánico!,-31.717,-55.981,Uruguay
Survive! ,-32.37,-54.167,Uruguay
Burnt Money,-33.252,-58.03,Uruguay
Whisky ,-30.4,-56.467,Uruguay
The Dark Knight Rises,41.265,69.216,Uzbekistan
The Golden Horde ,40.998,71.673,Uzbekistan
Osmondagi bolalar,39.654,66.96,Uzbekistan
True Noon ,40.782,72.344,Uzbekistan
Tanna ,-17.736,168.314,Vanuatu
Too Late the Hero ,-15.52,167.162,Vanuatu
Till There Was You (1990 film),-16.065,167.397,Vanuatu
God Is American,-15.042,167.073,Vanuatu
Point Break (2015 film),10.488,-66.879,Venezuela
Cannibal Holocaust,10.667,-71.612,Venezuela
What Dreams May Come ,10.235,-67.591,Venezuela
The Motorcycle Diaries ,10.162,-68.008,Venezuela
Arachnophobia ,10.065,-69.357,Venezuela
Sorcerer ,8.351,-62.641,Venezuela
True Memoirs of an International Assassin,10.136,-64.686,Venezuela
Jungle 2 Jungle,9.746,-63.183,Venezuela
Elektra Luxx,10.214,-64.633,Venezuela
Dragonfly (2002 film),10.477,-66.808,Venezuela
Kong: Skull Island,10.823,106.63,Vietnam
Forrest Gump,21.025,105.841,Vietnam
X-Men: Days of Future Past,16.068,108.221,Vietnam
X-Men Origins: Wolverine,20.865,106.683,Vietnam
Watchmen ,10.945,106.824,Vietnam
The Post ,16.462,107.595,Vietnam
Apocalypse Now,12.245,109.194,Vietnam
Full Metal Jacket,10.037,105.788,Vietnam
The Deer Hunter,10.012,105.081,Vietnam
American Gangster ,13.776,109.224,Vietnam
Spectre (2015 film),27.142,-13.188,Western_Sahara
Aquaman ,23.685,-15.958,Western_Sahara
Stolen (2009 Australian film),27.096,-13.416,Western_Sahara
London Has Fallen,15.355,44.207,Yemen
Rules of Engagement ,14.798,42.955,Yemen
Salmon Fishing in the Yemen,13.58,44.021,Yemen
The Path to 9/11,12.779,45.037,Yemen
The World's Greatest Athlete,-15.407,28.287,Zambia
Faith like Potatoes,-12.802,28.213,Zambia
Africa United (2010 film),-12.959,28.637,Zambia
When China Met Africa,-14.447,28.446,Zambia
The Wild Geese,-17.828,31.053,Zimbabwe
Chander Pahar ,-20.15,28.583,Zimbabwe
Concerning Violence,-18.013,31.076,Zimbabwe
Africa United (2010 film),-18.971,32.671,Zimbabwe
Albino ,-19.45,29.817,Zimbabwe
Game for Vultures,-18.928,29.815,Zimbabwe
Mugabe and the White African,-18.333,29.915,Zimbabwe
Flame (1996 film),-20.064,30.828,Zimbabwe
Blind Justice (1988 film),-17.367,30.2,Zimbabwe
Duel in the Jungle,-18.185,31.552,Zimbabwe