Afghanistan,Iron_Man_(2008_film)
Afghanistan,War_Dogs_(2016_film)
Afghanistan,Zero_Dark_Thirty
Afghanistan,War_Machine_(film)
Afghanistan,Geostorm
Afghanistan,12_Strong
Afghanistan,Whiskey_Tango_Foxtrot_(film)
Afghanistan,Taken_3
Afghanistan,Jack_Ryan:_Shadow_Recruit
Afghanistan,Dear_John_(2010_film)
Albania,War_Dogs_(2016_film)
Albania,The_Expendables_2
Albania,For_Your_Eyes_Only_(film)
Albania,Taken_2
Albania,The_Phynx
Albania,The_Forgiveness_of_Blood
Albania,Action_of_the_Tiger
Albania,Dear_Albania
Albania,King_of_the_Belgians_(film)
Albania,The_Albanian
Algeria,The_Battle_of_Algiers
Algeria,Caché_(film)
Algeria,Of_Gods_and_Men_(film)
Algeria,Far_from_Men
Algeria,The_Sheik_(film)
Algeria,Days_of_Glory_(2006_film)
Algeria,Algiers_(film)
Algeria,Lost_Command
Algeria,Carry_On_Spying
Algeria,The_Garden_of_Allah_(1936_film)
American Samoa,Next_Goal_Wins
American Samoa,Rain_(1932_film)
American Samoa,Sadie_Thompson
American Samoa,Miss_Sadie_Thompson
American Samoa,Hurricane_(1979_film)
American Samoa,Lost_and_Found_on_a_South_Sea_Island
Andorra,Don't_Take_The_Name_Of_God_In_Vain
Angola,Red_Scorpion
Angola,Sweepers_(film)
Angola,Namibia:_The_Struggle_for_Liberation
Angola,Any_Man's_Death
Angola,Sambizanga_(film)
Angola,The_Hero_(2004_film)
Angola,Boetie_Gaan_Border_Toe
Angola,"Cuba,_an_African_Odyssey"
Angola,Will_Our_Heroes_Be_Able_to_Find_Their_Friend_Who_Has_Mysteriously_Disappeared_in_Africa?
Angola,Plot_for_Peace
Antarctica,Watchmen_(film)
Antarctica,The_Thing_(1982_film)
Antarctica,The_Day_After_Tomorrow
Antarctica,Alien_vs._Predator_(film)
Antarctica,The_Thing_(2011_film)
Antarctica,Happy_Feet
Antarctica,The_X-Files_(film)
Antarctica,Eight_Below
Antarctica,Iron_Sky:_The_Coming_Race
Antarctica,The_Three_Caballeros
Antigua and Barbuda,The_Sweetest_Mango
Argentina,Kingsman:_The_Secret_Service
Argentina,X-Men:_First_Class
Argentina,Starship_Troopers_(film)
Argentina,Focus_(2015_film)
Argentina,Operation_Finale
Argentina,The_Secret_in_Their_Eyes
Argentina,Evita_(1996_film)
Argentina,The_Motorcycle_Diaries_(film)
Argentina,Gilda
Argentina,Saludos_Amigos
Armenia,The_Promise_(2016_film)
Armenia,Calendar_(1993_film)
Armenia,Guardians_(2017_film)
Armenia,Vodka_Lemon
Armenia,Nahapet
Armenia,If_Only_Everyone
Armenia,Zangezur_(film)
Armenia,Anahit_(film)
Armenia,"Hello,_That's_Me!"
Armenia,Zare_(film)
Aruba,Natalee_Holloway_(film)
Australia,Finding_Dory
Australia,Inception
Australia,Lion_(2016_film)
Australia,Now_You_See_Me_2
Australia,The_Babadook
Australia,Mad_Max
Australia,Finding_Nemo
Australia,Geostorm
Australia,The_Light_Between_Oceans_(film)
Australia,Point_Break
Austria,Captain_America:_Civil_War
Austria,Black_Panther_(film)
Austria,Spectre_(2015_film)
Austria,Mission:_Impossible_–_Rogue_Nation
Austria,Fantastic_Beasts:_The_Crimes_of_Grindelwald
Austria,Captain_America:_The_First_Avenger
Austria,The_Sound_of_Music_(film)
Austria,Quantum_of_Solace
Austria,Hitman:_Agent_47
Austria,Indiana_Jones_and_the_Last_Crusade
Azerbaijan,Furious_7
Azerbaijan,The_World_Is_Not_Enough
Azerbaijan,Air_Force_One_(film)
Azerbaijan,The_Darkest_Hour_(film)
Azerbaijan,United_Passions
Azerbaijan,Ali_and_Nino_(film)
Azerbaijan,Closed_Curtain
Azerbaijan,By_the_Bluest_of_Seas
Azerbaijan,The_Spring_to_Come
Azerbaijan,New_Moon_(1930_film)
Bahamas,Casino_Royale_(2006_film)
Bahamas,Pain_&_Gain
Bahamas,Never_Say_Never_Again
Bahamas,The_Other_Woman_(2014_film)
Bahamas,Thunderball_(film)
Bahamas,Jaws:_The_Revenge
Bahamas,I_Still_Know_What_You_Did_Last_Summer
Bahamas,Into_the_Blue_(2005_film)
Bahamas,After_the_Sunset
Bahamas,Holiday_in_the_Sun_(film)
Bahrain,The_Princess_and_the_Marine
Bahrain,Mayumi_(film)
Bahrain,Bahrain:_Shouting_in_the_Dark
Bahrain,Cinema_500_km
Bahrain,Nilavu
Bahrain,Dead_Sands
Bahrain,Afghan_Muscles
Bahrain,A_Bahraini_Tale
Bangladesh,Agnee_2
Bangladesh,Children_of_War_(2014_film)
Bangladesh,Moner_Manush
Bangladesh,Mass_Leader
Bangladesh,Matir_Moina
Bangladesh,Guerrilla_(2011_film)
Bangladesh,Shongram
Bangladesh,Aguner_Poroshmoni
Bangladesh,Meherjaan
Bangladesh,Jalal's_Story
Barbados,The_Story_of_Adele_H.
Barbados,The_Tamarind_Seed
Belarus,Mission:_Impossible_–_Rogue_Nation
Belarus,Defiance_(2008_film)
Belarus,Come_and_See
Belarus,Europa_Europa
Belarus,Killing_Kennedy_(film)
Belarus,The_Ascent
Belarus,Fortress_of_War
Belarus,Franz_+_Polina
Belarus,In_the_Fog
Belarus,On_the_Nameless_Height
Belgium,Wonder_Woman_(2017_film)
Belgium,PK_(film)
Belgium,Cloud_Atlas_(film)
Belgium,The_Equalizer_2
Belgium,Welcome_to_Marwen
Belgium,Snatch_(film)
Belgium,War_Horse_(film)
Belgium,In_Bruges
Belgium,The_Monuments_Men
Belgium,Patton_(film)
Belize,The_Mosquito_Coast
Belize,Mega_Piranha
Belize,Alien_Origin
Belize,2012:_Kurse_a_di_Xtabai
Benin,The_Comedians_in_Africa
Benin,Femmes_aux_yeux_ouverts
Bermuda,Godzilla:_King_of_the_Monsters_(2019_film)
Bermuda,The_Deep_(1977_film)
Bermuda,The_Chipmunk_Adventure
Bermuda,That_Touch_of_Mink
Bermuda,The_Triangle_(film)
Bermuda,Hopscotch_(film)
Bermuda,The_Bermuda_Depths
Bermuda,Bermuda_Grace
Bermuda,Maternal_Secrets
Bhutan,Everest_(2015_film)
Bhutan,Batman_Begins
Bhutan,2012_(film)
Bhutan,G.I._Joe:_Retaliation
Bhutan,Smallfoot_(film)
Bhutan,Planes_(film)
Bhutan,Ace_Ventura:_When_Nature_Calls
Bhutan,Little_Buddha
Bhutan,Everest_(1998_film)
Bhutan,Into_Thin_Air:_Death_on_Everest
Bolivia,Scarface_(1983_film)
Bolivia,The_Lost_City_of_Z_(film)
Bolivia,Quantum_of_Solace
Bolivia,Butch_Cassidy_and_the_Sundance_Kid
Bolivia,The_Losers_(film)
Bolivia,Our_Brand_Is_Crisis_(2015_film)
Bolivia,Che_(2008_film)
Bolivia,Saludos_Amigos
Bolivia,Even_the_Rain
Bolivia,Salt_and_Fire
Bosnia and Herzegovina,Behind_Enemy_Lines_(2001_film)
Bosnia and Herzegovina,Batman:_Under_the_Red_Hood
Bosnia and Herzegovina,The_Whistleblower
Bosnia and Herzegovina,Renegades_(2017_film)
Bosnia and Herzegovina,Killing_Season_(film)
Bosnia and Herzegovina,The_Peacemaker_(1997_film)
Bosnia and Herzegovina,A_Perfect_Day_(2015_film)
Bosnia and Herzegovina,In_the_Land_of_Blood_and_Honey
Bosnia and Herzegovina,No_Man's_Land_(2001_film)
Bosnia and Herzegovina,The_Hunting_Party_(2007_film)
Botswana,A_United_Kingdom
Botswana,The_Gods_Must_Be_Crazy
Botswana,Cry_Freedom
Botswana,The_Gods_Must_Be_Crazy_II
Botswana,Earth_(2007_film)
Botswana,Crazy_Safari
Botswana,The_Wilby_Conspiracy
Botswana,"Nǃai,_the_Story_of_a_ǃKung_Woman"
Botswana,The_End_of_Eden
Bouvet Island,Alien_vs._Predator_(film)
Brazil,Bohemian_Rhapsody_(film)
Brazil,Kingsman:_The_Secret_Service
Brazil,The_Incredible_Hulk_(film)
Brazil,XXX:_Return_of_Xander_Cage
Brazil,The_Lost_City_of_Z_(film)
Brazil,Geostorm
Brazil,2012_(film)
Brazil,Fast_Five
Brazil,Teenage_Mutant_Ninja_Turtles:_Out_of_the_Shadows
Brazil,Mechanic:_Resurrection
Brunei,Ada_Apa_Dengan_Rina
Bulgaria,Spy_(2015_film)
Bulgaria,Shivaay
Bulgaria,Mechanic:_Resurrection
Bulgaria,Bram_Stoker's_Dracula
Bulgaria,Pawn_Sacrifice
Bulgaria,I_Spit_on_Your_Grave_2
Bulgaria,Getaway_(film)
Bulgaria,Acts_of_Vengeance_(film)
Bulgaria,I_Am_David_(film)
Bulgaria,The_Contractor_(2007_film)
Burkina Faso,Yaaba
Burkina Faso,Femmes_aux_yeux_ouverts
Burundi,The_African_Queen_(film)
Burundi,Primeval_(film)
Burundi,Africa_United_(2010_film)
Cambodia,Kingsman:_The_Golden_Circle
Cambodia,Apocalypse_Now
Cambodia,No_Escape_(2015_film)
Cambodia,Transformers:_Dark_of_the_Moon
Cambodia,Alien_vs._Predator_(film)
Cambodia,Lara_Croft:_Tomb_Raider
Cambodia,The_Killing_Fields_(film)
Cambodia,Apocalypse_Now_Redux
Cambodia,Skin_Trade_(film)
Cambodia,TPB_AFK
Cameroon,Chocolat_(1988_film)
Cameroon,Black_and_White_in_Color
Cameroon,Super_Comet:_After_the_Impact
Cameroon,Sleeping_Sickness_(film)
Cameroon,Three_Men_on_Fire
Cameroon,Ribo_ou_le_soleil_sauvage
Cameroon,The_Cassava_Metaphor
Cameroon,Our_House_in_Cameroon
Canada,The_Revenant_(2015_film)
Canada,Titanic_(1997_film)
Canada,The_Incredible_Hulk_(film)
Canada,X-Men_Origins:_Wolverine
Canada,The_Wolverine_(film)
Canada,World_War_Z_(film)
Canada,Creed_II
Canada,Scott_Pilgrim_vs._the_World
Canada,X-Men_(film)
Canada,Geostorm
Cape Verde,Down_to_Earth_(1995_film)
Cape Verde,Amílcar_Cabral_(film)
Cape Verde,"Batuque,_the_Soul_of_a_People"
Cape Verde,The_Two_Faces_of_War
Cape Verde,The_Island_of_Contenda
Cape Verde,Fintar_o_Destino
Cape Verde,A_Ilha_dos_Escravos
Cape Verde,Buska_Santu
Cayman Islands,Haven_(film)
Central African Republic,Echoes_from_a_Sombre_Empire
Chad,The_Passenger_(1975_film)
Chad,A_Screaming_Man
Chad,Daratt
Chad,Abouna
Chad,The_Impostor_(1944_film)
Chad,Bye_Bye_Africa
Chad,Captive_of_the_Desert
Chad,Google_Darfur
Chad,The_Adventurer_of_Chad
Chad,Travels_in_the_Congo_(film)
Chile,Grimsby_(film)
Chile,Colonia_(film)
Chile,The_33_(film)
Chile,Alive_(1993_film)
Chile,The_Motorcycle_Diaries_(film)
Chile,Hop_(film)
Chile,A_Fantastic_Woman
Chile,The_Reluctant_Fundamentalist_(film)
Chile,Saludos_Amigos
Chile,Aftershock_(2012_film)
China,Deadpool_2
China,The_Martian_(film)
China,The_Dark_Knight_(film)
China,Forrest_Gump
China,Everest_(2015_film)
China,X-Men:_Days_of_Future_Past
China,Now_You_See_Me_2
China,Godzilla:_King_of_the_Monsters_(2019_film)
China,Skyfall
China,Silence_(2016_film)
Colombia,Narcos
Colombia,XXX_(2002_film)
Colombia,American_Made_(film)
Colombia,Narcos:_Mexico
Colombia,The_Belko_Experiment
Colombia,Blow_(film)
Colombia,The_Infiltrator_(2016_film)
Colombia,Lord_of_War
Colombia,Mr._&_Mrs._Smith_(2005_film)
Colombia,Snatched_(2017_film)
Comoros,Lorenzo's_Oil
Costa Rica,Jurassic_World
Costa Rica,Jurassic_World:_Fallen_Kingdom
Costa Rica,Jurassic_Park_(film)
Costa Rica,Fast_&_Furious_6
Costa Rica,The_Lost_World:_Jurassic_Park
Costa Rica,Jurassic_Park_III
Costa Rica,Club_Dread
Costa Rica,Runner_Runner
Costa Rica,Surf_School
Costa Rica,Lego_Jurassic_World:_The_Indominus_Escape
Croatia,Raabta_(film)
Croatia,From_Russia_with_Love_(film)
Croatia,Melancholie_der_Engel
Croatia,High_Lane_(film)
Croatia,Doraemon:_Nobita's_New_Great_Adventure_into_the_Underworld
Croatia,Harrison's_Flowers
Croatia,Doraemon:_Nobita's_Great_Adventure_into_the_Underworld
Croatia,The_Ninth_Circle
Croatia,Lapitch_the_Little_Shoemaker
Croatia,Fatal_Sky
Cuba,Transformers:_The_Last_Knight
Cuba,The_Fate_of_the_Furious
Cuba,Mission:_Impossible_–_Rogue_Nation
Cuba,Citizen_Kane
Cuba,The_Godfather_Part_II
Cuba,X-Men:_First_Class
Cuba,A_Few_Good_Men
Cuba,GoldenEye
Cuba,Die_Another_Day
Cuba,Bad_Boys_II
Cyprus,Munich_(film)
Cyprus,Exodus_(1960_film)
Cyprus,Othello_(1995_film)
Cyprus,Othello_(1951_film)
Cyprus,Othello_(1965_British_film)
Cyprus,Otello_(1986_film)
Cyprus,The_High_Bright_Sun
Cyprus,Othello_(1922_film)
Cyprus,Otello_(1906_film)
Cyprus,Barabbas_(1953_film)
Czech Republic,XXX_(2002_film)
Czech Republic,Spider-Man:_Far_From_Home
Czech Republic,Casino_Royale_(2006_film)
Czech Republic,Mission:_Impossible_(film)
Czech Republic,Jab_Harry_Met_Sejal
Czech Republic,Bang_Bang!
Czech Republic,Anthropoid_(film)
Czech Republic,Blade_II
Czech Republic,The_Spy_Who_Dumped_Me
Czech Republic,The_Best_Offer
Democratic Republic of Congo (formerly Belgian Congo),The_Legend_of_Tarzan_(film)
Democratic Republic of Congo (formerly Belgian Congo),Tarzan_(1999_film)
Democratic Republic of Congo,The_Good_Shepherd_(film)
Democratic Republic of Congo,Ali_(film)
Democratic Republic of Congo,Outbreak_(film)
Democratic Republic of Congo (formerly Belgian Congo),Vanamagan
Democratic Republic of Congo,Congo_(film)
Democratic Republic of Congo,Ayan_(film)
Democratic Republic of Congo (formerly Belgian Congo),"Greystoke:_The_Legend_of_Tarzan,_Lord_of_the_Apes"
Democratic Republic of Congo (formerly Belgian Congo),Tarzan_(2013_film)
Denmark,The_Lion_King
Denmark,The_Danish_Girl_(film)
Denmark,Captain_America:_The_First_Avenger
Denmark,The_Lion_King_(2019_film)
Denmark,The_Secret_Life_of_Walter_Mitty_(2013_film)
Denmark,Fantastic_Four:_Rise_of_the_Silver_Surfer
Denmark,Beowulf_(2007_film)
Denmark,Haider_(film)
Denmark,Out_of_Africa_(film)
Denmark,Eight_Below
Djibouti,Beau_Travail
Djibouti,The_Dirty_Game
Djibouti,The_Great_Appeal
Dominica,Creole_Connections
Dominica,Dominica:_Charting_a_Future_for_Paradise
Dominican Republic,Furious_7
Dominican Republic,Jurassic_Park_(film)
Dominican Republic,XXX:_Return_of_Xander_Cage
Dominican Republic,47_Meters_Down
Dominican Republic,Fast_&_Furious_(2009_film)
Dominican Republic,Los_Bandoleros_(film)
Dominican Republic,Sugar_(2008_film)
Dominican Republic,In_the_Time_of_the_Butterflies_(film)
Dominican Republic,Cat_Chaser
Dominican Republic,Trópico_de_Sangre
East Timor,Balibo_(film)
East Timor,Answered_by_Fire
East Timor,Brothers_(1982_film)
Ecuador,Master_and_Commander:_The_Far_Side_of_the_World
Ecuador,Snatched_(2017_film)
Ecuador,The_Three_Caballeros
Ecuador,Special_Correspondents
Ecuador,The_Galapagos_Affair
Ecuador,Crónicas
Ecuador,Iguana_(film)
Ecuador,Galapagos_3D
Ecuador,The_Empress_of_Floreana
Ecuador,The_Little_Polar_Bear_2_–_The_Mysterious_Island
Egypt,X-Men:_Apocalypse
Egypt,The_Mummy_(2017_film)
Egypt,Gods_of_Egypt_(film)
Egypt,The_Mummy_(1999_film)
Egypt,Raiders_of_the_Lost_Ark
Egypt,The_Fifth_Element
Egypt,Exodus:_Gods_and_Kings
Egypt,The_Mummy_Returns
Egypt,The_Ten_Commandments_(1956_film)
Egypt,Transformers:_Revenge_of_the_Fallen
El Salvador,Salvador_(film)
El Salvador,Voces_inocentes
El Salvador,Romero_(film)
El Salvador,Anything_for_Her
El Salvador,Choices_of_the_Heart
El Salvador,In_the_Name_of_the_People_(1985_film)
El Salvador,The_Ambassador_(2005_film)
El Salvador,Witness_to_War:_Dr._Charlie_Clements
El Salvador,Return_to_El_Salvador
El Salvador,El_Salvador:_Another_Vietnam
Equatorial Guinea,Palm_Trees_in_the_Snow
Equatorial Guinea,Marfil_(film)
Eritrea,Heart_of_Fire_(film)
Eritrea,White_Hotel_(film)
Eritrea,La_pattuglia_dell'Amba_Alagi
Eritrea,The_Best_of_Enemies_(1961_film)
Estonia,Baltic_Storm
Estonia,Candles_in_the_Dark
Estonia,Viimne_reliikvia
Estonia,A_Spell_to_Ward_Off_the_Darkness
Estonia,Names_in_Marble_(film)
Estonia,Spring_(1969_film)
Estonia,Screwed_in_Tallinn
Estonia,The_Poll_Diaries
Estonia,Revolution_of_Pigs
Eswatini,The_Wild_Geese
Eswatini,Wah-Wah_(film)
Eswatini,Without_the_King
Eswatini,The_King_and_the_People
Ethiopia,Beyond_Borders_(film)
Ethiopia,Into_the_Inferno_(film)
Ethiopia,Shaft_in_Africa
Ethiopia,Black_Gold_(2006_film)
Ethiopia,Time_to_Kill_(1989_film)
Ethiopia,Adwa_(film)
Ethiopia,Teza_(film)
Ethiopia,The_Athlete_(2009_film)
Ethiopia,The_Mask_of_Sheba
Ethiopia,Fascist_Legacy
Falkland Islands,Pirates_of_Treasure_Island
Falkland Islands,Tumbledown
Falkland Islands,Resurrected_(film)
Falkland Islands,An_Ungentlemanly_Act
Falkland Islands,Blessed_by_Fire
Falkland Islands,Cysgod_Rhyfel
Faroe Islands,Barbara_(1997_film)
Faroe Islands,The_Dance_(1998_film)
Faroe Islands,Shadow_Over_the_Islands
Federated States of Micronesia,Deep_Sea_Monster_Reigo
Fiji,Soarin'
Fiji,Santa_Banta_Pvt_Ltd
Fiji,Boot_Camp_(film)
Fiji,Doraemon:_Nobita_and_the_Island_of_Miracles—Animal_Adventure
Fiji,Attack_of_the_Sabretooth
Fiji,Elf_Bowling_the_Movie:_The_Great_North_Pole_Elf_Strike
Fiji,Bula_Quo!
Fiji,The_Land_Has_Eyes
Fiji,Girl_of_the_Port
Fiji,Avengers_of_the_Reef
Finland,Hanna_(film)
Finland,Big_Game_(2014_film)
Finland,Shamitabh
Finland,The_Jackal_(1997_film)
Finland,White_Nights_(1985_film)
Finland,The_Unknown_Soldier_(2017_film)
Finland,Night_on_Earth
Finland,Rare_Exports:_A_Christmas_Tale
Finland,Billion_Dollar_Brain
Finland,The_Other_Side_of_Hope
France,Dunkirk_(2017_film)
France,Beauty_and_the_Beast_(2017_film)
France,Inglourious_Basterds
France,Fifty_Shades_Freed_(film)
France,Beauty_and_the_Beast_(1991_film)
France,Catch_Me_If_You_Can
France,Allied_(film)
France,The_Lost_City_of_Z_(film)
France,Les_Misérables_(2012_film)
France,Edge_of_Tomorrow
French Guiana,Papillon_(2017_film)
French Guiana,Papillon_(1973_film)
French Guiana,We're_No_Angels_(1955_film)
French Guiana,The_Life_of_Emile_Zola
French Guiana,Passage_to_Marseille
French Guiana,Strange_Cargo_(1940_film)
French Guiana,Prisoner_of_Honor
French Guiana,I_Escaped_from_Devil's_Island
French Guiana,Devil's_Island_(1939_film)
French Guiana,Condemned_(1929_film)
French Polynesia,Adrift_(2018_film)
French Polynesia,Godzilla_(1998_film)
French Polynesia,"Six_Days,_Seven_Nights"
French Polynesia,Mutiny_on_the_Bounty_(1962_film)
French Polynesia,Kon-Tiki_(2012_film)
French Polynesia,Mutiny_on_the_Bounty_(1935_film)
French Polynesia,Donovan's_Reef
French Polynesia,The_Bounty_(1984_film)
French Polynesia,Love_Affair_(1994_film)
French Polynesia,How_to_Stuff_a_Wild_Bikini
Gabon,The_Rhythm_of_My_Life:_Ismael_Sankara
Gambia,Roots_(1977_miniseries)
Gambia,The_Mirror_Boy
Gambia,"Gambia,_The_Smiling_Coast"
Georgia,Mom_(film)
Georgia,Undisputed_III:_Redemption
Georgia,Sniper:_Ghost_Shooter
Georgia,5_Days_of_War
Georgia,Ali_and_Nino_(film)
Georgia,Don't_Breathe_(2014_film)
Georgia,The_Loneliest_Planet
Georgia,August_Eighth
Georgia,"Tbilisi,_I_Love_You"
Georgia,A_Chef_in_Love
Germany,Captain_America:_Civil_War
Germany,Wonder_Woman_(2017_film)
Germany,X-Men:_Apocalypse
Germany,Spider-Man:_Homecoming
Germany,The_Avengers_(2012_film)
Germany,Transformers:_The_Last_Knight
Germany,The_Fate_of_the_Furious
Germany,Bohemian_Rhapsody_(film)
Germany,The_Danish_Girl_(film)
Germany,Mission:_Impossible_–_Fallout
Ghana,Sankofa_(film)
Ghana,Deadly_Voyage
Ghana,Adams_Apples
Ghana,The_Cursed_Ones
Ghana,2016_(2010_film)
Ghana,Love_Brewed_in_the_African_Pot
Ghana,Location_Africa
Ghana,Emmanuel's_Gift
Ghana,Jaguar_(1967_film)
Ghana,Checkmate_(2010_film)
Gibraltar,Not_Wanted_on_Voyage
Gibraltar,The_Clue_of_the_Missing_Ape
Gibraltar,Generał._Zamach_na_Gibraltarze
Gibraltar,Recall_(film)
Greece,Jason_Bourne_(film)
Greece,Mamma_Mia!_Here_We_Go_Again
Greece,300_(film)
Greece,Mamma_Mia!_(film)
Greece,Troy_(film)
Greece,300:_Rise_of_an_Empire
Greece,Hercules_(2014_film)
Greece,Hercules_(1997_film)
Greece,Clash_of_the_Titans_(2010_film)
Greece,Munich_(film)
Greenland,Captain_America:_The_First_Avenger
Greenland,The_Secret_Life_of_Walter_Mitty_(2013_film)
Greenland,Fantastic_Four:_Rise_of_the_Silver_Surfer
Greenland,Eight_Below
Greenland,Soarin'
Greenland,The_Call_of_Cthulhu_(film)
Greenland,Smilla's_Sense_of_Snow_(film)
Greenland,Guy_X
Greenland,Inuk_(film)
Greenland,Endless_Night_(2015_film)
Grenada,Heartbreak_Ridge
Grenada,Blinded_(2006_film)
Grenada,Great_Moments_in_Aviation
Guadeloupe,La_Soufrière_(film)
Guadeloupe,Voice_in_the_Wind
Guadeloupe,Creole_Connections
Guam,Pixels_(2015_film)
Guam,Austin_Powers_in_Goldmember
Guam,No_Man_Is_an_Island_(film)
Guam,Max_Havoc:_Curse_of_the_Dragon
Guam,Return_to_Guam
Guatemala,Apocalypto
Guatemala,The_Fountain
Guatemala,Sin_Nombre_(2009_film)
Guatemala,El_Norte_(film)
Guatemala,The_Juror
Guatemala,The_Evil_That_Men_Do_(film)
Guatemala,Ixcanul
Guatemala,The_New_Adventures_of_Tarzan
Guatemala,Treasure_of_the_Golden_Condor
Guatemala,Across_the_Line_(2000_film)
Guernsey,The_Guernsey_Literary_and_Potato_Peel_Pie_Society_(film)
Guernsey,The_Story_of_Adele_H.
Guernsey,Green_Dolphin_Street
Guernsey,London_River
Guernsey,The_Blockhouse
Guernsey,Sea_Devils_(1953_film)
Guinea,Blood_Diamond
Guinea,Dakan
Guinea,Mortu_Nega
Guinea-Bissau,Sans_Soleil
Guinea-Bissau,Mortu_Nega
Guinea-Bissau,The_Two_Faces_of_War
Guyana,Guyana_Tragedy:_The_Story_of_Jim_Jones
Guyana,Jonestown:_The_Life_and_Death_of_Peoples_Temple
Guyana,Jonestown:_Paradise_Lost
Guyana,Guyana:_Crime_of_the_Century
Guyana,Festival_of_Lights_(film)
Guyana,Mustard_Bath_(film)
Guyana,Thunder_in_Guyana
Haiti,Quantum_of_Solace
Haiti,The_Serpent_and_the_Rainbow_(film)
Haiti,White_Zombie_(film)
Haiti,The_Comedians_(1967_film)
Haiti,Heading_South
Haiti,My_Internship_in_Canada
Haiti,Pirates_of_Tortuga
Haiti,Divine_Horsemen:_The_Living_Gods_of_Haiti
Haiti,Toussaint_Louverture_(film)
Haiti,The_Agronomist
Honduras,Sin_Nombre_(2009_film)
Honduras,The_Mosquito_Coast
Honduras,Sharks'_Treasure
Honduras,Appointment_in_Honduras
Honduras,Weekend_War
Honduras,The_Ambassador_(2005_film)
Honduras,El_Espíritu_de_mi_Mamá
Honduras,Unos_Pocos_con_Valor
Hong Kong,Deadpool_2
Hong Kong,The_Dark_Knight_(film)
Hong Kong,Pacific_Rim_(film)
Hong Kong,Doctor_Strange_(2016_film)
Hong Kong,Fast_&_Furious_6
Hong Kong,Geostorm
Hong Kong,Ip_Man_3
Hong Kong,Battleship_(film)
Hong Kong,Die_Another_Day
Hong Kong,Jumper_(2008_film)
Hungary,The_Nun_(2018_film)
Hungary,Red_Sparrow
Hungary,Spy_(2015_film)
Hungary,Mission:_Impossible_–_Ghost_Protocol
Hungary,Hotel_Transylvania_2
Hungary,Dracula_Untold
Hungary,Hotel_Transylvania
Hungary,Tinker_Tailor_Soldier_Spy_(film)
Hungary,Van_Helsing_(film)
Hungary,Nosferatu
Iceland,Justice_League_(film)
Iceland,Jason_Bourne_(film)
Iceland,Die_Another_Day
Iceland,Non-Stop_(film)
Iceland,The_Secret_Life_of_Walter_Mitty_(2013_film)
Iceland,Journey_to_the_Center_of_the_Earth_(2008_theatrical_film)
Iceland,Planes_(film)
Iceland,Pawn_Sacrifice
Iceland,Journey_to_the_Center_of_the_Earth_(1959_film)
Iceland,The_Deep_(2012_film)
India,Baahubali_2:_The_Conclusion
India,Baahubali:_The_Beginning
India,Dangal_(film)
India,2.0_(film)
India,The_Avengers_(2012_film)
India,The_Jungle_Book_(2016_film)
India,Bajrangi_Bhaijaan
India,Sultan_(2016_film)
India,Raees_(film)
India,Everest_(2015_film)
Indonesia,Gold_(2016_film)
Indonesia,Grimsby_(film)
Indonesia,Blackhat_(film)
Indonesia,The_Raid_(2011_film)
Indonesia,Eat_Pray_Love
Indonesia,The_Wandering_Earth
Indonesia,The_Act_of_Killing
Indonesia,Anacondas:_The_Hunt_for_the_Blood_Orchid
Indonesia,"Merry_Christmas,_Mr._Lawrence"
Indonesia,Braindead_(film)
Iran,Argo_(2012_film)
Iran,Prince_of_Persia:_The_Sands_of_Time_(film)
Iran,Alexander_(2004_film)
Iran,RoboCop_(2014_film)
Iran,Air_Force_One_(film)
Iran,Syriana
Iran,The_Darkest_Hour_(film)
Iran,The_Salesman_(2016_film)
Iran,A_Separation
Iran,Persepolis_(film)
Iraq,The_Mummy_(2017_film)
Iraq,War_Dogs_(2016_film)
Iraq,American_Sniper
Iraq,The_Hurt_Locker
Iraq,Billy_Lynn's_Long_Halftime_Walk_(film)
Iraq,The_A-Team_(film)
Iraq,Body_of_Lies_(film)
Iraq,The_Wall_(2017_film)
Iraq,The_Lucky_One_(film)
Iraq,Jarhead_(film)
Ireland,Mission:_Impossible_–_Fallout
Ireland,Brooklyn_(film)
Ireland,The_Lost_City_of_Z_(film)
Ireland,The_Foreigner_(2017_film)
Ireland,P.S._I_Love_You_(film)
Ireland,Hellboy_II:_The_Golden_Army
Ireland,Ek_Tha_Tiger
Ireland,Sing_Street
Ireland,Barry_Lyndon
Ireland,The_Crying_Game
Isle of Man,Mindhorn
Isle of Man,Albatross_(film)
Isle of Man,TT3D:_Closer_to_the_Edge
Isle of Man,The_Manxman
Isle of Man,The_Martins_(film)
Isle of Man,I_See_a_Dark_Stranger
Isle of Man,3_Wheeling
Isle of Man,The_Manxman_(1916_film)
Israel,World_War_Z_(film)
Israel,The_Passion_of_the_Christ
Israel,Kingdom_of_Heaven_(film)
Israel,Robin_Hood_(2018_film)
Israel,Noah_(2014_film)
Israel,Exodus:_Gods_and_Kings
Israel,The_Ten_Commandments_(1956_film)
Israel,Munich_(film)
Israel,The_Prince_of_Egypt
Israel,Risen_(2016_film)
Italy,Thor:_Ragnarok
Italy,Baahubali_2:_The_Conclusion
Italy,Spectre_(2015_film)
Italy,Aquaman_(film)
Italy,The_Wolf_of_Wall_Street_(2013_film)
Italy,Kingsman:_The_Golden_Circle
Italy,John_Wick:_Chapter_2
Italy,The_Dark_Knight_Rises
Italy,Call_Me_by_Your_Name_(film)
Italy,Jason_Bourne_(film)
Ivory Coast,Chimpanzee_(film)
Ivory Coast,"Moi,_un_noir"
Ivory Coast,Aya_of_Yop_City_(film)
Ivory Coast,Man_from_Cocody
Jamaica,Pirates_of_the_Caribbean:_The_Curse_of_the_Black_Pearl
Jamaica,Cool_Runnings
Jamaica,Dr._No_(film)
Jamaica,Godzilla_(1998_film)
Jamaica,Cocktail_(1988_film)
Jamaica,Pirates_II:_Stagnetti's_Revenge
Jamaica,How_Stella_Got_Her_Groove_Back
Jamaica,Shottas
Jamaica,The_Harder_They_Come
Jamaica,Captain_Blood_(1935_film)
Japan,Hacksaw_Ridge
Japan,Silence_(2016_film)
Japan,The_Wolverine_(film)
Japan,Unbroken_(film)
Japan,Kubo_and_the_Two_Strings
Japan,The_Magnificent_Seven
Japan,Samurai_Jack
Japan,Pearl_Harbor_(film)
Japan,Kill_Bill:_Volume_1
Japan,Princess_Mononoke
Jordan,Transformers:_Revenge_of_the_Fallen
Jordan,Munich_(film)
Jordan,You_Don't_Mess_with_the_Zohan
Jordan,Queen_of_the_Desert_(film)
Jordan,Arrambam
Jordan,Entebbe_(film)
Jordan,Exodus_(1960_film)
Jordan,Beirut_(film)
Jordan,The_Delta_Force
Jordan,Waltz_with_Bashir
Kazakhstan,Borat
Kazakhstan,The_World_Is_Not_Enough
Kazakhstan,Air_Force_One_(film)
Kazakhstan,The_Darkest_Hour_(film)
Kazakhstan,Rollerball_(2002_film)
Kazakhstan,Mercenaries_(2014_film)
Kazakhstan,Nomad_(2005_film)
Kazakhstan,The_Cavern_(2005_film)
Kazakhstan,Closed_Curtain
Kazakhstan,Myn_Bala
Kenya,Inception
Kenya,Eye_in_the_Sky_(2015_film)
Kenya,The_League_of_Extraordinary_Gentlemen_(film)
Kenya,Out_of_Africa_(film)
Kenya,The_Ghost_and_the_Darkness
Kenya,The_Constant_Gardener_(film)
Kenya,Company_(film)
Kenya,Vishwatma
Kenya,Submergence
Kenya,Born_Free
Kiribati,Sands_of_Iwo_Jima
Kiribati,Up_Periscope
Kiribati,Pacific_Destiny
Kiribati,Tarawa_Beachhead
Kiribati,Anote's_Ark
Kiribati,Gung_Ho!
Kosovo,The_Balkan_Line
Kosovo,Battle_of_Kosovo_(film)
Kosovo,The_Hornet
Kosovo,A_Film_with_No_Name
Kuwait,Zero_Dark_Thirty
Kuwait,Jarhead_(film)
Kuwait,Three_Kings_(1999_film)
Kuwait,Best_Defense
Kuwait,Live_from_Baghdad_(film)
Kuwait,Uncle_Sam_(film)
Kuwait,Fires_of_Kuwait
Kuwait,The_Heroes_of_Desert_Storm
Kuwait,Second_Blood
Kuwait,The_Dupes
Kyrgyzstan,G.I._Joe:_The_Rise_of_Cobra
Kyrgyzstan,Pure_Coolness
Kyrgyzstan,Beshkempir
Kyrgyzstan,Where_the_Sky_Meets_the_Land
Laos,Air_America_(film)
Laos,The_Rocket_(2013_film)
Laos,River_(2015_Canadian_film)
Laos,Love_Is_Forever_(1982_film)
Laos,The_Pottery_Maker
Latvia,Billion_Dollar_Brain
Latvia,Coup_de_Grâce_(1976_film)
Latvia,The_Priest_(film)
Latvia,The_Chronicles_of_Melanie
Latvia,Defenders_of_Riga
Latvia,"I_Remember_Everything,_Richard"
Latvia,Men_Without_a_Fatherland
Latvia,Four_White_Shirts
Lebanon,Munich_(film)
Lebanon,The_Man_with_the_Golden_Gun_(film)
Lebanon,Syriana
Lebanon,Brüno
Lebanon,Incendies
Lebanon,Spy_Game
Lebanon,Beirut_(film)
Lebanon,The_Delta_Force
Lebanon,Capernaum_(film)
Lebanon,Waltz_with_Bashir
Lesotho,Cry_Freedom
Liberia,Lord_of_War
Liberia,Blood_Diamond
Liberia,The_Last_Face
Liberia,Pray_the_Devil_Back_to_Hell
Liberia,Freetown_(film)
Liberia,Hondros_(film)
Libya,13_Hours:_The_Secret_Soldiers_of_Benghazi
Libya,The_English_Patient_(film)
Libya,Patriot_Games_(film)
Libya,Patton_(film)
Libya,The_Flight_of_the_Phoenix_(1965_film)
Libya,The_Big_Red_One
Libya,Lion_of_the_Desert
Libya,Ice_Cold_in_Alex
Libya,The_Tuskegee_Airmen
Libya,The_Hill_(film)
Lithuania,The_Spy_Who_Dumped_Me
Lithuania,Hannibal_Rising_(film)
Lithuania,Redirected_(film)
Lithuania,Persona_Non_Grata_(2015_film)
Lithuania,Reminiscences_of_a_Journey_to_Lithuania
Lithuania,Utterly_Alone
Lithuania,The_Corridor_(1995_film)
Lithuania,Before_Flying_Back_to_Earth
Lithuania,Jons_und_Erdme
Lithuania,Pan_Tadeusz_(1999_film)
Luxembourg,The_International_(2009_film)
Luxembourg,Asterix_at_the_Olympic_Games_(film)
Luxembourg,Asterix_&_Obelix:_Mission_Cleopatra
Luxembourg,Asterix_and_Obelix:_God_Save_Britannia
Luxembourg,Asterix:_The_Mansions_of_the_Gods
Luxembourg,Asterix_and_the_Vikings
Luxembourg,Asterix_&_Obelix_Take_On_Caesar
Luxembourg,The_Twelve_Tasks_of_Asterix
Luxembourg,Druids_(film)
Luxembourg,Asterix:_The_Secret_of_the_Magic_Potion
Macau,Now_You_See_Me_2
Macau,Skyfall
Macau,Silence_(2016_film)
Macau,The_Man_with_the_Golden_Gun_(film)
Macau,Skiptrace_(film)
Macau,Man_of_Tai_Chi
Macau,The_Thieves
Macau,Young_and_Dangerous
Macau,The_Untold_Story
Macau,Vengeance_(2009_film)
Macedonia,Alexander_(2004_film)
Macedonia,Alexander_the_Great_(1956_film)
Macedonia,Reign:_The_Conqueror
Macedonia,Sikandar_(1941_film)
Macedonia,The_Third_Half
Macedonia,The_Third_Half
Macedonia,The_Sap_from_Syracuse
Macedonia,Skoplje_'63
Madagascar,Casino_Royale_(2006_film)
Madagascar,Madagascar_(2005_film)
Madagascar,Madagascar:_Escape_2_Africa
Madagascar,Against_All_Flags
Madagascar,Island_of_Lemurs:_Madagascar
Madagascar,The_King's_Pirate
Madagascar,Souli_(film)
Madagascar,"Madagascar,_a_Journey_Diary"
Madagascar,Makibefo
Madagascar,The_Amorous_Corporal
Malawi,The_Boy_Who_Harnessed_the_Wind
Malawi,Lifecycles:_A_Story_of_AIDS_in_Malawi
Malaysia,Venom_(2018_film)
Malaysia,Crazy_Rich_Asians_(film)
Malaysia,Mission:_Impossible_–_Rogue_Nation
Malaysia,Kabali_(film)
Malaysia,Mechanic:_Resurrection
Malaysia,Iru_Mugan
Malaysia,Blackhat_(film)
Malaysia,Don_(2006_Hindi_film)
Malaysia,Don_2
Malaysia,Madras_Cafe
Maldives,The_Island_President
Maldives,Impressionen_unter_Wasser
Mali,Sahara_(2005_film)
Mali,Timbuktu_(2014_film)
Mali,Yeelen
Mali,Bamako_(film)
Mali,Running_the_Sahara
Mali,Timbuktu_(1959_film)
Mali,La_Vie_Sur_Terre
Mali,Guimba_the_Tyrant
Mali,N_-_The_Madness_of_Reason
Mali,Timbuctoo_(film)
Malta,Youth_Without_Youth_(film)
Malta,Black_Eagle_(1988_film)
Malta,The_Mackintosh_Man
Malta,Malta_Story
Malta,Trenchcoat_(film)
Malta,Hell_Boats
Malta,Eyewitness_(1970_film)
Malta,Final_Justice_(1985_film)
Malta,The_Secret_of_Dr._Mabuse
Malta,Simshar_(film)
Marshall Islands,Godzilla_vs._King_Ghidorah
Marshall Islands,Radio_Bikini
Marshall Islands,Operation_Bikini
Martinique,To_Have_and_Have_Not_(film)
Martinique,Sugar_Cane_Alley
Martinique,Volcano!_(1926_film)
Martinique,Creole_Connections
Mauritania,Running_the_Sahara
Mauritania,En_attendant_les_hommes
Mauritius,Ajnabee_(2001_film)
Mauritius,Saansein
Mauritius,Dil_Jo_Bhi_Kahey...
Mauritius,Bachaana
Mauritius,Help_(film)
Mauritius,The_Breakup_Guru
Mayotte,Caring_for_the_Lagoon
Mexico,Batman_v_Superman:_Dawn_of_Justice
Mexico,Spectre_(2015_film)
Mexico,Logan_(film)
Mexico,Narcos
Mexico,Creed_(film)
Mexico,Sicario_(2015_film)
Mexico,Sons_of_Anarchy
Mexico,The_Shawshank_Redemption
Mexico,Coco_(2017_film)
Mexico,Godzilla:_King_of_the_Monsters_(2019_film)
Moldova,Red_(2010_film)
Moldova,Hellboy_(2004_film)
Moldova,Spectral
Moldova,Black_Sunday_(1960_film)
Moldova,Siberian_Education
Moldova,Six_Bullets
Monaco,Iron_Man_2
Monaco,Fast_Five
Monaco,GoldenEye
Monaco,Never_Say_Never_Again
Monaco,The_Transporter_Refueled
Monaco,Madagascar_3:_Europe's_Most_Wanted
Monaco,Rebecca_(1940_film)
Monaco,Murder_Mystery_(film)
Monaco,Monte_Carlo_(2011_film)
Monaco,The_Red_Shoes_(1948_film)
Mongolia,Bill_&_Ted's_Excellent_Adventure
Mongolia,The_Way_Back
Mongolia,Skiptrace_(film)
Mongolia,Iron_Sky:_The_Coming_Race
Mongolia,Flight_of_the_Phoenix_(2004_film)
Mongolia,Mongol_(film)
Mongolia,Burn_Your_Maps
Mongolia,The_Eagle_Huntress
Mongolia,The_Conqueror_(1956_film)
Mongolia,Doppelgänger_(1969_film)
Montenegro,Casino_Royale_(2006_film)
Montenegro,The_November_Man
Montenegro,Superfly_(2018_film)
Montenegro,The_Brothers_Bloom
Montenegro,The_Dark_Side_of_the_Sun_(film)
Montenegro,Meet_Me_in_Montenegro
Montenegro,King_of_the_Belgians_(film)
Montenegro,Ace_of_Spades:_Bad_Destiny
Morocco,Spectre_(2015_film)
Morocco,Mission:_Impossible_–_Rogue_Nation
Morocco,Casablanca_(film)
Morocco,Allied_(film)
Morocco,John_Wick:_Chapter_3_–_Parabellum
Morocco,All_the_Money_in_the_World
Morocco,The_Bourne_Ultimatum_(film)
Morocco,Escape_Plan_(film)
Morocco,Babel_(film)
Morocco,Hanna_(film)
Mozambique,Light_Drops
Mozambique,Kuxa_Kanema:_The_Birth_of_Cinema
Mozambique,Marrabenta_Stories
Mozambique,O_Meu_Marido_Está_a_Negar
Mozambique,I_Love_You_(2007_Mozambican_film)
Myanmar,Rambo_(2008_film)
Myanmar,Anegan
Myanmar,The_Railway_Man_(film)
Myanmar,Stealth_(film)
Myanmar,Rangoon_(2017_Hindi_film)
Myanmar,Hard_Target_2
Myanmar,The_Lady_(2011_film)
Myanmar,Ninja:_Shadow_of_a_Tear
Myanmar,Pudhukottaiyilirundhu_Saravanan
Myanmar,Never_So_Few
Namibia,Transformers:_The_Last_Knight
Namibia,King_Solomon's_Mines_(1985_film)
Namibia,Dust_Devil_(film)
Namibia,The_King_Is_Alive
Namibia,Sands_of_the_Kalahari
Namibia,The_Bone_Snatcher
Namibia,Lost_in_the_Desert
Namibia,Game_for_Vultures
Namibia,Running_Free_(film)
Namibia,A_Twist_of_Sand
Nepal,Everest_(2015_film)
Nepal,Doctor_Strange_(2016_film)
Nepal,Raiders_of_the_Lost_Ark
Nepal,2012_(film)
Nepal,G.I._Joe:_Retaliation
Nepal,"Monsters,_Inc."
Nepal,Chekka_Chivantha_Vaanam
Nepal,The_Expendables_2
Nepal,Smallfoot_(film)
Nepal,Planes_(film)
Netherlands,Spider-Man:_Far_From_Home
Netherlands,The_Fault_in_Our_Stars_(film)
Netherlands,The_Hitman's_Bodyguard
Netherlands,The_15:17_to_Paris
Netherlands,Rush_(2013_film)
Netherlands,Ocean's_Twelve
Netherlands,Hostel_(2005_film)
Netherlands,Munich_(film)
Netherlands,Tulip_Fever
Netherlands,The_Bourne_Supremacy_(film)
New Caledonia,A_Turtle's_Tale:_Sammy's_Adventures
New Caledonia,Rebellion_(2011_film)
New Caledonia,The_Proud_and_Profane
New Zealand,The_Wolf_of_Wall_Street_(2013_film)
New Zealand,Everest_(2015_film)
New Zealand,Cloud_Atlas_(film)
New Zealand,What_We_Do_in_the_Shadows
New Zealand,Hunt_for_the_Wilderpeople
New Zealand,The_Piano
New Zealand,Heavenly_Creatures
New Zealand,Boy_(2010_film)
New Zealand,Once_Were_Warriors_(film)
New Zealand,Whale_Rider
Nicaragua,Broadcast_News_(film)
Nicaragua,Walker_(film)
Nicaragua,Latino_(film)
Nicaragua,Last_Plane_Out
Nicaragua,Striker_(1987_film)
Nicaragua,The_Ambassador_(2005_film)
Nicaragua,Under_Fire_(1983_film)
Niger,Sahara_(2005_film)
Niger,Running_the_Sahara
Niger,Sarraounia_(film)
Niger,La_Robe_du_temps
Niger,La_Mort_de_la_gazelle
Niger,Jaguar_(1967_film)
Nigeria,Captain_America:_Civil_War
Nigeria,Black_Panther_(film)
Nigeria,X-Men_Origins:_Wolverine
Nigeria,Tears_of_the_Sun
Nigeria,Sahara_(2005_film)
Nigeria,Half_of_a_Yellow_Sun_(film)
Nigeria,The_Wedding_Party_(2016_film)
Nigeria,Black_November
Nigeria,October_1_(film)
Nigeria,Dry_(film)
North Korea,Olympus_Has_Fallen
North Korea,Okja
North Korea,G.I._Joe:_Retaliation
North Korea,Die_Another_Day
North Korea,Salt_(2010_film)
North Korea,The_Interview
North Korea,Team_America:_World_Police
North Korea,A_Werewolf_Boy
North Korea,Stealth_(film)
North Korea,Operation_Chromite_(film)
Northern Mariana Islands,Windtalkers
Northern Mariana Islands,Oba:_The_Last_Samurai
Northern Mariana Islands,Hell_to_Eternity
Northern Mariana Islands,Anatahan_(film)
Norway,Avengers:_Endgame
Norway,Thor:_Ragnarok
Norway,Avengers:_Age_of_Ultron
Norway,Thor_(film)
Norway,Captain_America:_The_First_Avenger
Norway,The_Snowman_(2017_film)
Norway,Downsizing_(film)
Norway,22_July_(film)
Norway,Eight_Below
Norway,The_Witches_(1990_film)
Oman,Captain_Phillips_(film)
Oman,Personal_Shopper
Oman,Killer_Elite_(film)
Pakistan,Baahubali_2:_The_Conclusion
Pakistan,Baahubali:_The_Beginning
Pakistan,Bajrangi_Bhaijaan
Pakistan,Everest_(2015_film)
Pakistan,Mission:_Impossible_–_Fallout
Pakistan,Bridge_of_Spies_(film)
Pakistan,Iron_Man_3
Pakistan,Padmaavat
Pakistan,Thugs_of_Hindostan
Pakistan,London_Has_Fallen
Palau,Journey_2:_The_Mysterious_Island
Panama,Fast_&_Furious_(2009_film)
Panama,Godzilla_(1998_film)
Panama,Hands_of_Stone
Panama,42_(film)
Panama,Team_America:_World_Police
Panama,The_Tailor_of_Panama_(film)
Panama,Sniper_(1993_film)
Panama,Mega_Shark_Versus_Crocosaurus
Panama,Indigenous_(film)
Panama,Across_the_Pacific
Papua New Guinea,Sanctum_(film)
Papua New Guinea,Godzilla:_Final_Wars
Papua New Guinea,Born_Free
Papua New Guinea,Robinson_Crusoe_(1997_film)
Papua New Guinea,Mr._Pip
Papua New Guinea,The_Mountain_of_the_Cannibal_God
Papua New Guinea,The_Wackiest_Ship_in_the_Army_(film)
Papua New Guinea,La_Vallée_(film)
Papua New Guinea,Ongka's_Big_Moka
Papua New Guinea,Gamera_vs._Barugon
Paraguay,The_Mission_(1986_film)
Paraguay,The_Boys_from_Brazil_(film)
Paraguay,Zama_(2017_film)
Paraguay,7_Boxes
Paraguay,One_Man's_War
Paraguay,Landfill_Harmonic
Paraguay,Rat_Trap_(film)
Paraguay,Thirst_(1960_film)
Peru,Raiders_of_the_Lost_Ark
Peru,Indiana_Jones_and_the_Kingdom_of_the_Crystal_Skull
Peru,The_Emperor's_New_Groove
Peru,Paddington_(film)
Peru,The_Motorcycle_Diaries_(film)
Peru,"Aguirre,_the_Wrath_of_God"
Peru,Fitzcarraldo
Peru,Saludos_Amigos
Peru,Kon-Tiki_(2012_film)
Peru,"Tad,_The_Lost_Explorer"
Philippines,XXX:_Return_of_Xander_Cage
Philippines,Pacific_Rim_(film)
Philippines,London_Has_Fallen
Philippines,Citizen_Kane
Philippines,Godzilla_(2014_film)
Philippines,The_Bourne_Legacy_(film)
Philippines,American_Ultra
Philippines,Man_on_the_Moon_(film)
Philippines,Heneral_Luna
Philippines,The_Wandering_Earth
Poland,X-Men:_Apocalypse
Poland,Schindler's_List
Poland,X-Men:_First_Class
Poland,Zero_Dark_Thirty
Poland,The_Fault_in_Our_Stars_(film)
Poland,X-Men_(film)
Poland,The_Boy_in_the_Striped_Pyjamas_(film)
Poland,The_Pianist_(2002_film)
Poland,Life_Is_Beautiful
Poland,Sophie's_Choice_(film)
Portugal,On_Her_Majesty's_Secret_Service_(film)
Portugal,The_Ninth_Gate
Portugal,Night_Train_to_Lisbon_(film)
Portugal,The_Russia_House_(film)
Portugal,Arabian_Nights_(2015_film)
Portugal,Doppelgänger_(1969_film)
Portugal,Porto_(film)
Portugal,The_Invisible_Circus_(film)
Portugal,The_State_of_Things_(film)
Portugal,Mysteries_of_Lisbon
Puerto Rico,The_Punisher_(2004_film)
Puerto Rico,Contact_(1997_American_film)
Puerto Rico,If_Beale_Street_Could_Talk_(film)
Puerto Rico,The_Rum_Diary_(film)
Puerto Rico,Assassins_(film)
Puerto Rico,Under_Suspicion_(2000_film)
Puerto Rico,Welcome_to_the_Jungle_(2013_film)
Puerto Rico,Runner_Runner
Puerto Rico,Q&A_(film)
Puerto Rico,A_Show_of_Force
Qatar,Transformers_(film)
Qatar,Body_of_Lies_(film)
Republic of Congo,Congo_Jazz
Republic of Congo,Crazy_Cruise
Republic of Congo,The_Impostor_(1944_film)
Republic of Congo,Fury_of_the_Congo
Republic of Congo,Travels_in_the_Congo_(film)
Réunion,Mississippi_Mermaid
Romania,Captain_America:_Civil_War
Romania,The_Nun_(2018_film)
Romania,Hotel_Transylvania_2
Romania,The_Expendables_3
Romania,Dracula_Untold
Romania,Hotel_Transylvania
Romania,Van_Helsing_(film)
Romania,Singh_Is_Bliing
Romania,Nosferatu
Romania,Bram_Stoker's_Dracula
Russia,Captain_America:_Civil_War
Russia,Justice_League_(film)
Russia,The_Avengers_(2012_film)
Russia,The_Fate_of_the_Furious
Russia,X-Men:_Days_of_Future_Past
Russia (formerly Soviet Union),Bridge_of_Spies_(film)
Russia,XXX:_Return_of_Xander_Cage
Russia,Red_Sparrow
Russia,The_Equalizer_(film)
Russia,X-Men:_First_Class
Rwanda,Hotel_Rwanda
Rwanda,The_African_Queen_(film)
Rwanda,Gorillas_in_the_Mist
Rwanda,Sometimes_in_April
Rwanda,Shake_Hands_with_the_Devil_(2007_film)
Rwanda,Shooting_Dogs
Rwanda,Earth_Made_of_Glass_(film)
Rwanda,Screamers_(2006_film)
Rwanda,Africa_United_(2010_film)
Rwanda,Shake_Hands_with_the_Devil:_The_Journey_of_Roméo_Dallaire
Saint Lucia,Creole_Connections
Saint Vincent and Grenadines,Pirates_of_the_Caribbean:_Dead_Man's_Chest
Samoa,Hobbs_&_Shaw
Samoa,Moana_(1926_film)
Samoa,Dangerous_Money
Samoa,The_Orator_(film)
São Tomé and Príncipe,Little_fruit_from_the_Equator
Saudi Arabia,All_the_Money_in_the_World
Saudi Arabia,Lawrence_of_Arabia_(film)
Saudi Arabia,A_Hologram_for_the_King_(film)
Saudi Arabia,The_Kingdom_(film)
Saudi Arabia,Innocence_of_Muslims
Saudi Arabia,Muhammad:_The_Messenger_of_God_(film)
Saudi Arabia,The_Message_(1976_film)
Saudi Arabia,Bilal:_A_New_Breed_of_Hero
Saudi Arabia,Fetih_1453
Saudi Arabia,Wadjda
Senegal,Black_Girl_(1966_film)
Senegal,Xala
Senegal,Touki_Bouki
Senegal,Running_the_Sahara
Senegal,Ceddo
Senegal,Faat_Kiné
Senegal,Borom_Sarret
Senegal,Mandabi
Senegal,Black_(2008_film)
Senegal,Badou_Boy
Serbia,A_Serbian_Film
Serbia,Vivegam
Serbia,Chekka_Chivantha_Vaanam
Serbia,From_Russia_with_Love_(film)
Serbia,The_November_Man
Serbia,3_Days_to_Kill
Serbia,Babylon_A.D.
Serbia,Renegades_(2017_film)
Serbia,Underground_(1995_film)
Serbia,Clip_(film)
Seychelles,Goodbye_Emmanuelle
Seychelles,Ragasiya_Police
Seychelles,La_ragazza_dalla_pelle_di_luna
Sierra Leone,Lord_of_War
Sierra Leone,Amistad_(film)
Sierra Leone,Blood_Diamond
Sierra Leone,The_Last_Face
Sierra Leone,Cry_Freetown
Sierra Leone,Relentless_(2010_film)
Sierra Leone,Ezra_(2007_film)
Sierra Leone,La_vita_non_perde_valore
Sierra Leone,Kamara's_Tree
Singapore,Independence_Day:_Resurgence
Singapore,Crazy_Rich_Asians_(film)
Singapore,Pirates_of_the_Caribbean:_At_World's_End
Singapore,Hitman:_Agent_47
Singapore,Eye_in_the_Sky_(2015_film)
Singapore,Johnny_English_Strikes_Again
Singapore,Rebel_(2012_film)
Singapore,In_the_Mood_for_Love
Singapore,Thunderbirds_(2004_film)
Singapore,Pyaar_Impossible!
Slovakia,Van_Helsing_(film)
Slovakia,Hostel_(2005_film)
Slovakia,Hostel:_Part_II
Slovakia,EuroTrip
Slovakia,Shadow_of_the_Vampire
Slovakia,Bathory_(film)
Slovakia,Import/Export
Slovakia,Czechoslovakia_1968
Slovakia,The_Line_(2017_film)
Slovakia,Jánošík_(1921_film)
Slovenia,Season_of_the_Witch_(2011_film)
Slovenia,Doraemon:_Nobita_and_the_Spiral_City
Slovenia,We_Will_Be_the_World_Champions
Slovenia,Slovenian_Girl
Slovenia,The_Red_Colored_Grey_Truck
Slovenia,Cheese_and_Jam
Slovenia,"Sand,_Love_and_Salt"
Slovenia,Rooster's_Breakfast
Solomon Islands,The_Thin_Red_Line_(1998_film)
Solomon Islands,PT_109_(film)
Solomon Islands,The_Thin_Red_Line_(1964_film)
Solomon Islands,Guadalcanal_Diary_(film)
Solomon Islands,Beachhead_(film)
Somalia,Black_Hawk_Down_(film)
Somalia,The_Expendables_3
Somalia,Captain_Phillips_(film)
Somalia,Desert_Flower_(film)
Somalia,A_Hijacking
Somalia,Pressure_(2015_film)
Somalia,Fishing_Without_Nets_(2014_film)
Somalia,A_Girl_from_Mogadishu
Somalia,The_Cruelest_Day
Somalia,La_pattuglia_dell'Amba_Alagi
South Africa,Avengers:_Age_of_Ultron
South Africa,Grimsby_(film)
South Africa,Chappie_(film)
South Africa,District_9
South Africa,Singh_Is_Bliing
South Africa,Rush_(2013_film)
South Africa,Gandhi_(film)
South Africa,Invictus_(film)
South Africa,Diamonds_Are_Forever_(film)
South Africa,Blood_Diamond
South Korea,Black_Panther_(film)
South Korea,Avengers:_Age_of_Ultron
South Korea,Train_to_Busan
South Korea,World_War_Z_(film)
South Korea,Cloud_Atlas_(film)
South Korea,The_Bourne_Legacy_(film)
South Korea,Geostorm
South Korea,Foxcatcher
South Korea,Okja
South Korea,The_Handmaiden
South Sudan,Machine_Gun_Preacher
South Sudan,Lost_Boys_of_Sudan_(film)
Spain,Assassin's_Creed_(film)
Spain,Pirates_of_the_Caribbean:_On_Stranger_Tides
Spain,Pan's_Labyrinth
Spain,Pitch_Perfect_3
Spain,Fast_&_Furious_6
Spain,Geostorm
Spain,Rush_(2013_film)
Spain,The_Bourne_Ultimatum_(film)
Spain,Ferdinand_(film)
Spain,Highlander_(film)
Sri Lanka,Madras_Cafe
Sri Lanka,Kannathil_Muthamittal
Sri Lanka,Dheepan
Sri Lanka,Thenali
Sri Lanka,A_Common_Man_(film)
Sri Lanka,The_Terrorist_(1997_film)
Sri Lanka,Ceylon_(film)
Sri Lanka,Kuttrapathirikai
Sri Lanka,Sri_Lanka's_Killing_Fields
Sri Lanka,Aloko_Udapadi
Sudan,The_Constant_Gardener_(film)
Sudan,The_Good_Lie
Sudan,The_Four_Feathers_(2002_film)
Sudan,Khartoum_(film)
Sudan,In_a_Better_World
Sudan,The_Four_Feathers_(1939_film)
Sudan,The_Four_Feathers
Sudan,Darfur_(film)
Sudan,Storm_Over_the_Nile
Sudan,Screamers_(2006_film)
Suriname,Wan_Pipel
Suriname,Let_Each_One_Go_Where_He_May
Suriname,Faja_Lobbi
Suriname,The_Price_of_Sugar_(2013_film)
Sweden,Kingsman:_The_Golden_Circle
Sweden,Mamma_Mia!_Here_We_Go_Again
Sweden,The_Girl_with_the_Dragon_Tattoo_(2011_film)
Sweden,The_Girl_in_the_Spider's_Web_(film)
Sweden,The_Ritual_(2017_film)
Sweden,The_Wife_(2017_film)
Sweden,The_Girl_with_the_Dragon_Tattoo_(2009_film)
Sweden,Let_the_Right_One_In_(film)
Sweden,The_Seventh_Seal
Sweden,The_Square_(2017_film)
Switzerland,The_Wolf_of_Wall_Street_(2013_film)
Switzerland,Iron_Man_3
Switzerland,Spider-Man:_Far_From_Home
Switzerland,The_Girl_with_the_Dragon_Tattoo_(2011_film)
Switzerland,X-Men:_First_Class
Switzerland,A_Cure_for_Wellness
Switzerland,Snowden_(film)
Switzerland,Edge_of_Tomorrow
Switzerland,Sherlock_Holmes:_A_Game_of_Shadows
Switzerland,The_Bourne_Identity_(2002_film)
Syria,Phantom_(2015_film)
Syria,Munich_(film)
Syria,You_Don't_Mess_with_the_Zohan
Syria,Entebbe_(film)
Syria,Exodus_(1960_film)
Syria,Beirut_(film)
Syria,The_Delta_Force
Syria,Waltz_with_Bashir
Syria,Raid_on_Entebbe_(film)
Syria,Omar_(film)
Taiwan,Lucy_(2014_film)
Taiwan,Geostorm
Taiwan,Godzilla_vs._Kong
Taiwan,Bleeding_Steel
Taiwan,Gorgeous_(film)
Taiwan,Warriors_of_the_Rainbow:_Seediq_Bale
Taiwan,Crime_Story_(film)
Taiwan,To_the_Fore
Taiwan,Monga_(film)
Taiwan,The_Wayward_Cloud
Tajikistan,Spies_Like_Us
Tajikistan,Sex_&_Philosophy
Tajikistan,True_Noon_(film)
Tanzania,The_Bucket_List
Tanzania,Massu_Engira_Masilamani
Tanzania,The_African_Queen_(film)
Tanzania,Soarin'
Tanzania,Hatari!
Tanzania,Mountains_of_the_Moon_(film)
Tanzania,Darwin's_Nightmare
Tanzania,Shout_at_the_Devil_(film)
Tanzania,The_Crimson_Wing:_Mystery_of_the_Flamingos
Tanzania,Crack_in_the_World
Thailand,Kong:_Skull_Island
Thailand,Kabali_(film)
Thailand,The_Meg
Thailand,The_Bourne_Legacy_(film)
Thailand,The_Impossible_(2012_film)
Thailand,American_Gangster_(film)
Thailand,Kyaa_Kool_Hain_Hum_3
Thailand,The_Beach_(film)
Thailand,Mechanic:_Resurrection
Thailand,The_Bridge_on_the_River_Kwai
Togo,The_Blooms_of_Banjeli
Tonga,The_Other_Side_of_Heaven
Tonga,Tongan_Ninja
Tonga,Tongan_Ark
Trinidad and Tobago,The_Bank_Job
Trinidad and Tobago,Dulha_Mil_Gaya
Trinidad and Tobago,Affair_in_Trinidad
Trinidad and Tobago,The_Mystic_Masseur
Trinidad and Tobago,Bim
Trinidad and Tobago,Contract_Killers
Trinidad and Tobago,The_Body_(1974_film)
Trinidad and Tobago,Murder_in_Trinidad
Trinidad and Tobago,The_Hummingbird_Tree
Trinidad and Tobago,Two_Yanks_in_Trinidad
Tunisia,Valkyrie_(film)
Tunisia,The_X-Files_(film)
Tunisia,Patton_(film)
Tunisia,The_Big_Red_One
Tunisia,Ice_Cold_in_Alex
Tunisia,Pirates_(1986_film)
Tunisia,The_Tuskegee_Airmen
Tunisia,The_Hill_(film)
Tunisia,The_Desert_Fox:_The_Story_of_Rommel
Tunisia,Cabiria
Turkey,Wonder_Woman_(2017_film)
Turkey,Inferno_(2016_film)
Turkey,Skyfall
Turkey,Argo_(2012_film)
Turkey,Lawrence_of_Arabia_(film)
Turkey,Dracula_Untold
Turkey,Armageddon_(1998_film)
Turkey,Indiana_Jones_and_the_Last_Crusade
Turkey,The_Equalizer_2
Turkey,Tinker_Tailor_Soldier_Spy_(film)
Turkmenistan,Air_Force_One_(film)
Turkmenistan,The_Darkest_Hour_(film)
Turkmenistan,White_Sun_of_the_Desert
Turkmenistan,Closed_Curtain
Turkmenistan,By_the_Bluest_of_Seas
Turkmenistan,New_Moon_(1930_film)
Tuvalu,Greedy_Lying_Bastards
Uganda,Casino_Royale_(2006_film)
Uganda,The_Last_King_of_Scotland_(film)
Uganda,The_Lion_King_II:_Simba's_Pride
Uganda,Kony_2012
Uganda,Queen_of_Katwe
Uganda,Entebbe_(film)
Uganda,Mighty_Joe_Young_(1998_film)
Uganda,Mississippi_Masala
Uganda,Who_Killed_Captain_Alex?
Uganda,Raid_on_Entebbe_(film)
Ukraine,Creed_II
Ukraine,Transformers:_Dark_of_the_Moon
Ukraine,Mission:_Impossible_(film)
Ukraine,Lord_of_War
Ukraine,A_Good_Day_to_Die_Hard
Ukraine,Godzilla_(1998_film)
Ukraine,The_Sum_of_All_Fears_(film)
Ukraine,Fiddler_on_the_Roof_(film)
Ukraine,Boyka:_Undisputed
Ukraine,Hobbs_&_Shaw
United Arab Emirates,Furious_7
United Arab Emirates,Mission:_Impossible_–_Ghost_Protocol
United Arab Emirates,Geostorm
United Arab Emirates,Welcome_Back_(film)
United Arab Emirates,Kung_Fu_Yoga
United Arab Emirates,Happy_New_Year_(2014_film)
United Arab Emirates,Hamari_Adhuri_Kahani
United Arab Emirates,Sex_and_the_City_2
United Arab Emirates,Chekka_Chivantha_Vaanam
United Arab Emirates,Body_of_Lies_(film)
United Kingdom,Avengers:_Infinity_War
United Kingdom,Captain_America:_Civil_War
United Kingdom,Black_Panther_(film)
United Kingdom,Fantastic_Beasts_and_Where_to_Find_Them_(film)
United Kingdom,Harry_Potter_(film_series)
United Kingdom,Avengers:_Age_of_Ultron
United Kingdom,The_Greatest_Showman
United Kingdom,Transformers:_The_Last_Knight
United Kingdom,Bohemian_Rhapsody_(film)
United Kingdom,The_Conjuring_2
United States,Avengers:_Infinity_War
United States,Avengers:_Endgame
United States,Suicide_Squad_(film)
United States,Captain_America:_Civil_War
United States,Batman_v_Superman:_Dawn_of_Justice
United States,Deadpool_(film)
United States,Black_Panther_(film)
United States,The_Revenant_(2015_film)
United States,It_(2017_film)
United States,Justice_League_(film)
Uruguay,XXY_(film)
Uruguay,United_Passions
Uruguay,The_Battle_of_the_River_Plate_(film)
Uruguay,The_City_of_Your_Final_Destination
Uruguay,State_of_Siege
Uruguay,"Montevideo,_God_Bless_You!"
Uruguay,Ataque_de_Pánico!
Uruguay,Survive!_(film)
Uruguay,Burnt_Money
Uruguay,Whisky_(film)
Uzbekistan,The_Dark_Knight_Rises
Uzbekistan,The_Golden_Horde_(film)
Uzbekistan,Osmondagi_bolalar
Uzbekistan,True_Noon_(film)
Vanuatu,Tanna_(film)
Vanuatu,Too_Late_the_Hero_(film)
Vanuatu,Till_There_Was_You_(1990_film)
Vanuatu,God_Is_American
Vatican City,Spectre_(2015_film)
Vatican City,The_Godfather_Part_III
Vatican City,2012_(film)
Vatican City,Mission:_Impossible_III
Vatican City,Angels_&_Demons_(film)
Vatican City,Madagascar_3:_Europe's_Most_Wanted
Vatican City,The_Vatican_Tapes
Vatican City,End_of_Days_(film)
Vatican City,The_Rite_(2011_film)
Vatican City,Hudson_Hawk
Venezuela,Point_Break_(2015_film)
Venezuela,Cannibal_Holocaust
Venezuela,What_Dreams_May_Come_(film)
Venezuela,The_Motorcycle_Diaries_(film)
Venezuela,Arachnophobia_(film)
Venezuela,Sorcerer_(film)
Venezuela,True_Memoirs_of_an_International_Assassin
Venezuela,Jungle_2_Jungle
Venezuela,Elektra_Luxx
Venezuela,Dragonfly_(2002_film)
Vietnam,Kong:_Skull_Island
Vietnam,Forrest_Gump
Vietnam,X-Men:_Days_of_Future_Past
Vietnam,X-Men_Origins:_Wolverine
Vietnam,Watchmen_(film)
Vietnam,The_Post_(film)
Vietnam,Apocalypse_Now
Vietnam,Full_Metal_Jacket
Vietnam,The_Deer_Hunter
Vietnam,American_Gangster_(film)
Western Sahara,Spectre_(2015_film)
Western Sahara,Aquaman_(film)
Western Sahara,Stolen_(2009_Australian_film)
Yemen,London_Has_Fallen
Yemen,Rules_of_Engagement_(film)
Yemen,Salmon_Fishing_in_the_Yemen
Yemen,The_Path_to_9/11
Zambia,The_World's_Greatest_Athlete
Zambia,Faith_like_Potatoes
Zambia,Africa_United_(2010_film)
Zambia,When_China_Met_Africa
Zimbabwe,The_Wild_Geese
Zimbabwe,Chander_Pahar_(film)
Zimbabwe,Concerning_Violence
Zimbabwe,Africa_United_(2010_film)
Zimbabwe,Albino_(film)
Zimbabwe,Game_for_Vultures
Zimbabwe,Mugabe_and_the_White_African
Zimbabwe,Flame_(1996_film)
Zimbabwe,Blind_Justice_(1988_film)
Zimbabwe,Duel_in_the_Jungle