Cuba,"Category:Documentary_films_about_Cuba"
Cuba,"Category:Films_about_the_Cuban_Revolution"
Cuba,"Category:Films_set_in_Havana"
Cuba,"Category:Spanish–American_War_films"
the_Falkland_Islands,"Category:Falklands_War_films"
French_Polynesia,"Category:Films_about_HMS_Bounty"
French_Polynesia,"Category:Films_set_in_Tahiti"
Haiti,"Category:Haitian_Revolution_films"
the_Philippines,"Category:Films_set_in_Aurora_(province)"
the_Philippines,"Category:Films_set_in_Batanes"
the_Philippines,"Category:Films_set_in_Cavite"
the_Philippines,"Category:Films_set_in_Cebu"
the_Philippines,"Category:Films_set_in_Ifugao"
the_Philippines,"Category:Japanese_occupation_of_the_Philippines_films"
the_Philippines,"Category:Films_set_in_Metro_Manila"
the_Philippines,"Category:Films_set_in_Negros_Oriental"
the_Philippines,"Category:Films_about_organized_crime_in_the_Philippines"
the_Philippines,"Category:Films_set_in_Palawan"
the_Philippines,"Category:Films_set_in_Pampanga"
the_Philippines,"Category:Philippine_films_by_topic"
the_Philippines,"Category:Films_about_rebellions_in_the_Philippines"
the_Philippines,"Category:Films_set_in_Rizal"
the_Philippines,"Category:Films_set_in_Sorsogon"
the_Philippines,"Category:Spanish–American_War_films"
the_Philippines,"Category:Films_set_in_Surigao_del_Norte"
Taiwan,"Category:Documentary_films_about_the_Republic_of_China"
Taiwan,"Category:Films_set_in_Kinmen"
Taiwan,"Category:Films_set_in_Penghu"
Tonga,"Category:Documentary_films_about_Tonga"
