Cuba,"Category:Documentary_films_about_Fidel_Castro"
the_Philippines,"Category:Films_set_in_Manila"
the_Philippines,"Category:Films_about_Filipino_families"
the_Philippines,"Category:Magic_in_Philippine_films"
the_Philippines,"Category:Philippine_monster_movies"
the_Philippines,"Category:Philippine_films_about_the_paranormal"
the_Philippines,"Category:Philippine_political_films"
the_Philippines,"Category:Films_about_sexuality_in_the_Philippines"
the_Philippines,"Category:Witchcraft_in_Philippine_films"
the_Philippines,"Category:Films_about_Filipino_women"
the_Philippines,"Category:Films_set_during_the_Philippine_American_War"
