South_Korea,"Category:Films_set_in_Busan"
South_Korea,"Category:Films_set_in_Daegu"
South_Korea,"Category:Films_set_in_Daejeon"
South_Korea,"Category:Films_set_in_Gwangju"
South_Korea,"Category:Films_set_in_Incheon"
South_Korea,"Category:Films_set_in_Seoul"
South_Korea,"Category:Films_set_in_Ulsan"
South_Korea,"Category:Films_set_in_Gangwon"
South_Korea,"Category:Films_set_in_Gyeonggi_Province"
South_Korea,"Category:Films_set_in_South_Chungcheong_Province"
North_Korea,"Category:Documentary_films_about_detention_in_North_Korea"
