country,title
New_Zealand,"List_of_films_set_in_New_Zealand"
New_Zealand,"50_Ways_of_Saying_Fabulous"
New_Zealand,"Aces_Go_Places_IV"
New_Zealand,"An_Angel_at_My_Table"
New_Zealand,"Bad_Taste"
New_Zealand,"Beyond_Reasonable_Doubt_(1982_film)"
New_Zealand,"The_Birth_of_New_Zealand"
New_Zealand,"Black_Sheep_(2006_New_Zealand_film)"
New_Zealand,"Born_to_Dance_(2015_film)"
New_Zealand,"Boy_(2010_film)"
New_Zealand,"Bread_and_Roses_(1993_film)"
New_Zealand,"Bride_Flight"
New_Zealand,"Broken_English_(1996_film)"
New_Zealand,"Bungee_Jumping_of_Their_Own"
New_Zealand,"The_Call_of_Cthulhu_(film)"
New_Zealand,"Came_a_Hot_Friday"
New_Zealand,"Carbine's_Heritage"
New_Zealand,"Cloud_Atlas_(film)"
New_Zealand,"The_Dark_Horse_(2014_film)"
New_Zealand,"Death_Warmed_Up"
New_Zealand,"Deathgasm"
New_Zealand,"Doraemon:_Nobita_in_the_Wan-Nyan_Spacetime_Odyssey"
New_Zealand,"Eagle_vs_Shark"
New_Zealand,"Everest_(2015_film)"
New_Zealand,"Everything_We_Loved"
New_Zealand,"Fleeting_Beauty"
New_Zealand,"Footrot_Flats:_The_Dog's_Tale"
New_Zealand,"Goodbye_Pork_Pie"
New_Zealand,"Green_Dolphin_Street"
New_Zealand,"Heavenly_Creatures"
New_Zealand,"Hei_Tiki"
New_Zealand,"Hinemoa_(1913_film)"
New_Zealand,"Hinemoa_(1914_film)"
New_Zealand,"How_Chief_Te_Ponga_Won_His_Bride"
New_Zealand,"Hunt_for_the_Wilderpeople"
New_Zealand,"In_Search_of_the_Castaways_(film)"
New_Zealand,"The_Insatiable_Moon"
New_Zealand,"Mahana_(film)"
New_Zealand,"The_Man_Who_Lost_His_Head"
New_Zealand,"Many_Kisses_Later"
New_Zealand,"A_Maori_Maid's_Love"
New_Zealand,"Meet_the_Feebles"
New_Zealand,"Mega_Shark_Versus_Mecha_Shark"
New_Zealand,"My_Wedding_and_Other_Secrets"
New_Zealand,"The_Navigator:_A_Medieval_Odyssey"
New_Zealand,"Ngati"
New_Zealand,"On_the_Friendly_Road"
New_Zealand,"Once_Were_Warriors_(film)"
New_Zealand,"Pallet_on_the_Floor"
New_Zealand,"The_Piano"
New_Zealand,"Pork_Pie_(film)"
New_Zealand,"Predicament"
New_Zealand,"The_Price_of_Milk"
New_Zealand,"The_Quiet_Earth_(film)"
New_Zealand,"Rangi's_Catch"
New_Zealand,"Rewi's_Last_Stand"
New_Zealand,"River_Queen"
New_Zealand,"The_Romance_of_Hine-moa"
New_Zealand,"The_Romance_of_Maoriland"
New_Zealand,"The_Romance_of_Sleepy_Hollow"
New_Zealand,"Ruby_and_Rata"
New_Zealand,"Runaway_(1964_film)"
New_Zealand,"Santosham_(2002_film)"
New_Zealand,"The_Sea_Chase"
New_Zealand,"The_Seekers_(1954_film)"
New_Zealand,"Shopping_(2013_film)"
New_Zealand,"Sione's_Wedding"
New_Zealand,"Sleeping_Dogs_(film)"
New_Zealand,"Smash_Palace"
New_Zealand,"Solar_Attack"
New_Zealand,"The_Tattooist"
New_Zealand,"To_Love_a_Maori"
New_Zealand,"Tongan_Ninja"
New_Zealand,"Tracker_(2011_film)"
New_Zealand,"Two_Little_Boys_(film)"
New_Zealand,"Two_Loves"
New_Zealand,"Under_the_Mountain_(film)"
New_Zealand,"Under_the_Southern_Cross_(1927_film)"
New_Zealand,"Under_the_Southern_Cross_(1929_film)"
New_Zealand,"Unnai_Thedi"
New_Zealand,"Until_They_Sail"
New_Zealand,"Utu_(film)"
New_Zealand,"The_Wagon_and_the_Star"
New_Zealand,"Whale_Rider"
New_Zealand,"What_Becomes_of_the_Broken_Hearted?_(film)"
New_Zealand,"What_We_Do_in_the_Shadows"
New_Zealand,"When_Love_Comes_Along"
New_Zealand,"Who's_Counting?_Marilyn_Waring_on_Sex,_Lies_and_Global_Economics"
New_Zealand,"The_Whole_of_the_Moon_(film)"
New_Zealand,"The_Wolf_of_Wall_Street_(2013_film)"
New_Zealand,"The_World's_Fastest_Indian"
New_Zealand,"Zombie_Movie"
