Portugal,"List_of_films_set_in_Portugal"
Portugal,"Adão_e_Eva"
Portugal,"Amália_(film)"
Portugal,"Amor_de_Perdição_(1979_film)"
Portugal,"April_Captains"
Portugal,"Arabian_Nights_(2015_film)"
Portugal,"Black_Capes"
Portugal,"Blood_Curse_(film)"
Portugal,"Camões_(film)"
Portugal,"Capitão_Falcão"
Portugal,"Cats_Don't_Have_Vertigo"
Portugal,"Chris_Columbus,_Jr."
Portugal,"Diego_Corrientes_(1914_film)"
Portugal,"Diego_Corrientes_(1924_film)"
Portugal,"Diego_Corrientes_(1937_film)"
Portugal,"Diego_Corrientes_(1959_film)"
Portugal,"Doomed_Love"
Portugal,"Doppelgänger_(1969_film)"
Portugal,"Florbela"
Portugal,"The_Forest_of_the_Lost_Souls"
Portugal,"A_Girl_in_Summer"
Portugal,"The_Invisible_Circus_(film)"
Portugal,"The_Invisible_Life"
Portugal,"Journey_to_Portugal_(film)"
Portugal,"Lisbon_(1956_film)"
Portugal,"Longwave_(film)"
Portugal,"Love_Letters_of_a_Portuguese_Nun"
Portugal,"A_Man_Could_Get_Killed"
Portugal,"Maria_Papoila"
Portugal,"Meu_Passado_Me_Condena_2"
Portugal,"The_Ninth_Gate"
Portugal,"On_Her_Majesty's_Secret_Service_(film)"
Portugal,"Our_Lady_of_Fatima_(film)"
Portugal,"Past_and_Present_(1972_film)"
Portugal,"The_Policewoman"
Portugal,"Porto_(film)"
Portugal,"A_Portuguese_Goodbye"
Portugal,"Portuguese_Vacation"
Portugal,"The_Right_Juice"
Portugal,"The_Second_Awakening_of_Christa_Klages"
Portugal,"A_Severa_(film)"
Portugal,"Sissi_–_Fateful_Years_of_an_Empress"
Portugal,"The_State_of_Things_(film)"
Portugal,"Tentação"
Portugal,"This_Side_of_Resurrection"
Portugal,"The_Two_Faces_of_War"
Portugal,"Os_Verdes_Anos"
